ID,Marca temporal,¿Qué grupo lo/la está encuestando?,¿En qué horario está llenando el formulario?,¿En qué torre se encuentra?,Piso,Ambiente,Nivel de ventilación,Nivel de seguridad,Nivel de sensación térmica,Intensidad de la luz,Nivel de conservación,Nivel de privacidad,Nivel de comodidad,Frecuencia de uso del ambiente,Avance de actividades curriculares,Nivel de facilidad para estudiar en el ambiente
9A3-2904-09,29/04/2026 9:45:27,Grupo 1,09,A,9,3,4,5,2,2,4,3,3,2,5,4
3B2-2904-09,29/04/2026 9:50:13,Grupo 1,09,B,3,2,4,5,3,2,4,4,4,2,3,3
9A3-2904-09,29/04/2026 9:52:37,Grupo 1,09,A,9,3,3,5,2,2,3,4,3,3,4,3
3A3-2904-09,29/04/2026 10:05:06,Grupo 1,09,A,3,3,1,1,3,3,4,3,3,3,4,4
7A2-2904-09,29/04/2026 11:07:40,Grupo 1,09,A,7,2,5,5,2,1,5,1,3,2,2,2
7A2-2904-09,29/04/2026 11:08:06,Grupo 1,09,A,7,2,4,5,4,2,4,3,3,2,3,3
9A1-2904-09,29/04/2026 11:11:21,Grupo 1,09,A,9,1,5,5,1,1,4,5,5,2,3,4
9A1-2904-09,29/04/2026 11:27:25,Grupo 1,09,A,9,1,5,5,3,2,4,4,4,2,4,4
9A2-2904-13,29/04/2026 11:57:32,Grupo 1,13,A,9,2,4,4,3,1,3,3,4,2,3,4
3A3-2904-13,29/04/2026 13:33:08,Grupo 1,13,A,3,3,5,5,3,2,4,3,3,2,3,4
9A3-2904-13,29/04/2026 14:14:44,Grupo 1,13,A,9,3,3,3,4,2,4,4,3,2,4,4
9A3-3004-13,30/04/2026 10:59:56,Grupo 1,13,A,9,3,3,2,4,2,1,3,4,2,3,4
9A4-3004-18,30/04/2026 14:37:20,Grupo 1,18,A,9,4,3,5,2,1,3,4,3,3,1,1
3A1-3004-13,30/04/2026 15:51:00,Grupo 1,13,A,3,1,4,4,2,1,4,3,4,3,4,4
3A3-3004-13,30/04/2026 15:53:46,Grupo 1,13,A,3,3,3,4,4,1,3,3,2,1,2,3
3A1-3004-13,30/04/2026 16:03:42,Grupo 1,13,A,3,1,5,3,2,2,4,3,3,2,3,2
4A1-3004-13,30/04/2026 16:32:49,Grupo 1,13,A,4,1,1,4,4,2,4,4,3,2,4,4
3B2-3004-13,30/04/2026 16:34:23,Grupo 1,13,B,3,2,4,5,5,3,4,3,4,3,3,4
3A1-3004-13,30/04/2026 16:34:46,Grupo 1,13,A,3,1,3,4,3,2,4,2,3,1,1,1
3A2-3004-13,30/04/2026 16:37:37,Grupo 1,13,A,3,2,3,2,3,2,3,2,2,1,1,3
9A3-3004-18,30/04/2026 16:39:51,Grupo 1,18,A,9,3,3,4,3,2,4,2,3,1,2,3
9A3-3004-13,30/04/2026 16:40:00,Grupo 1,13,A,9,3,2,4,3,2,4,4,3,3,4,4
9A4-3004-13,30/04/2026 16:41:18,Grupo 1,13,A,9,4,4,3,2,2,4,2,2,1,1,2
9A3-3004-13,30/04/2026 16:41:24,Grupo 1,13,A,9,3,5,4,3,2,4,4,3,2,4,3
9A3-3004-13,30/04/2026 16:42:31,Grupo 1,13,A,9,3,3,4,4,2,5,3,4,1,3,3
3A1-3004-13,30/04/2026 16:43:18,Grupo 1,13,A,3,1,3,4,1,3,2,3,3,1,4,2
9A3-3004-09,30/04/2026 16:43:45,Grupo 1,09,A,9,3,3,4,4,2,4,4,4,2,3,4
3A1-3004-13,30/04/2026 16:44:21,Grupo 1,13,A,3,1,3,2,2,2,2,3,3,2,3,2
3A1-3004-13,30/04/2026 16:45:43,Grupo 1,13,A,3,1,2,4,3,2,3,3,3,2,3,3
9A1-3004-13,30/04/2026 16:58:10,Grupo 1,13,A,9,1,3,3,2,2,4,1,2,2,4,4
9A1-3004-13,30/04/2026 16:58:17,Grupo 1,13,A,9,1,4,5,5,2,5,1,2,2,4,5
11A2-3004-13,30/04/2026 16:58:41,Grupo 1,13,A,11,2,4,4,2,2,4,1,2,1,3,1
9A2-3004-13,30/04/2026 16:58:54,Grupo 1,13,A,9,2,5,5,2,2,5,3,3,2,4,4
3A1-3004-13,30/04/2026 16:59:07,Grupo 1,13,A,3,1,3,3,3,2,3,3,3,2,3,3
3A1-3004-13,30/04/2026 17:00:22,Grupo 1,13,A,3,1,3,3,3,2,3,3,2,2,3,3
3A1-3004-13,30/04/2026 17:01:26,Grupo 1,13,A,3,1,2,3,3,2,3,3,3,1,5,2
3A1-3004-13,30/04/2026 17:02:21,Grupo 1,13,A,3,1,3,3,3,2,4,3,3,2,3,3
3A1-3004-13,30/04/2026 17:03:09,Grupo 1,13,A,3,1,3,1,4,2,3,4,2,2,3,5
9A1-3004-13,30/04/2026 17:08:13,Grupo 1,13,A,9,1,4,4,3,2,4,3,4,2,4,4
9A2-3004-13,30/04/2026 17:08:15,Grupo 1,13,A,9,2,5,5,5,3,5,5,5,3,5,5
3B2-3004-13,30/04/2026 19:12:42,Grupo 1,13,B,3,2,4,4,2,1,4,3,3,1,2,2
5B1-2704-09,27/04/2026 9:33:14,Grupo 10,09,B,5,1,4,4,4,2,4,3,4,3,3,4
5B1-2704-09,27/04/2026 9:34:03,Grupo 11,09,B,5,1,5,5,3,2,4,4,4,3,4,5
2A2-3004-09,30/04/2026 9:31:10,Grupo 2,09,A,2,2,3,4,4,2,3,4,3,2,3,3
2A1-3004-13,30/04/2026 10:32:36,Grupo 2,13,A,2,1,3,3,3,2,3,3,3,2,3,3
11A3-2704-13,27/04/2026 13:25:04,Grupo 3,13,A,11,3,5,5,5,3,3,3,2,1,3,4
2A1-2904-09,29/04/2026 9:59:41,Grupo 3,09,A,2,1,5,4,4,3,4,3,4,3,3,3
1S3-2904-13,29/04/2026 10:01:43,Grupo 3,13,S,1,3,3,2,3,2,3,3,4,2,3,2
2A2-2904-13,29/04/2026 10:03:03,Grupo 3,13,A,2,2,5,4,1,2,3,1,1,3,3,1
2A2-2904-09,29/04/2026 10:04:16,Grupo 3,09,A,2,2,5,2,2,2,1,4,4,3,5,4
2A2-2904-09,29/04/2026 10:04:41,Grupo 3,09,A,2,2,5,3,1,1,3,1,1,3,4,1
2B1-2904-09,29/04/2026 10:10:59,Grupo 3,09,B,2,1,3,3,2,2,4,3,3,2,3,3
2A2-2904-09,29/04/2026 10:12:42,Grupo 3,09,A,2,2,4,4,3,2,4,3,4,1,2,3
2A1-2904-09,29/04/2026 10:15:30,Grupo 3,09,A,2,1,3,3,3,2,2,1,2,2,2,2
6A2-2904-13,29/04/2026 10:17:32,Grupo 3,13,A,6,2,5,3,4,2,4,5,4,3,2,4
2A1-2904-09,29/04/2026 10:27:38,Grupo 3,09,A,2,1,4,4,1,3,4,2,3,1,3,3
2A1-2904-09,29/04/2026 10:29:23,Grupo 3,09,A,2,1,5,4,2,2,4,3,3,2,2,2
2A1-2904-09,29/04/2026 10:33:38,Grupo 3,09,A,2,1,5,5,3,2,4,3,4,1,3,3
2B2-2904-13,29/04/2026 10:37:10,Grupo 3,13,B,2,2,3,4,2,2,4,3,3,1,2,3
2A2-2904-09,29/04/2026 10:43:33,Grupo 3,09,A,2,2,2,4,4,2,3,2,4,2,3,3
2B1-2904-09,29/04/2026 10:44:11,Grupo 3,09,B,2,1,4,3,2,2,5,2,2,2,2,2
2B2-2904-09,29/04/2026 10:44:20,Grupo 3,09,B,2,2,5,5,5,3,5,3,3,3,5,5
1A2-2904-09,29/04/2026 10:44:22,Grupo 3,09,A,1,2,3,4,3,2,4,2,2,2,1,3
2A2-2904-09,29/04/2026 10:44:38,Grupo 3,09,A,2,2,4,5,5,2,4,4,4,3,4,4
11A2-2904-09,29/04/2026 10:57:16,Grupo 3,09,A,11,2,3,3,3,2,3,3,3,2,3,3
11A2-2904-09,29/04/2026 10:59:19,Grupo 3,09,A,11,2,4,3,4,3,4,4,4,2,4,4
2A2-2904-09,29/04/2026 11:04:52,Grupo 3,09,A,2,2,4,4,4,2,3,3,3,2,3,4
2A1-2904-09,29/04/2026 11:05:37,Grupo 3,09,A,2,1,5,5,3,2,2,4,3,2,3,4
2A2-2904-09,29/04/2026 11:05:51,Grupo 3,09,A,2,2,4,5,2,2,4,4,3,1,5,3
5B1-2904-09,29/04/2026 11:06:39,Grupo 3,09,B,5,1,1,1,1,2,4,3,3,2,3,3
2A1-2904-09,29/04/2026 11:14:14,Grupo 3,09,A,2,1,3,3,3,2,3,3,5,2,3,3
2A2-2904-09,29/04/2026 11:14:19,Grupo 3,09,A,2,2,3,3,3,2,4,4,4,2,3,4
2A1-2904-09,29/04/2026 11:20:38,Grupo 3,09,A,2,1,5,5,3,2,3,4,4,1,3,2
2A1-2904-09,29/04/2026 11:25:29,Grupo 3,09,A,2,1,5,5,4,3,4,5,5,3,4,4
2A1-2904-09,29/04/2026 11:25:45,Grupo 3,09,A,2,1,5,5,3,2,5,4,4,2,5,5
2A1-2904-09,29/04/2026 11:29:06,Grupo 3,09,A,2,1,3,5,3,2,4,3,2,2,2,3
2A2-2904-09,29/04/2026 11:34:25,Grupo 3,09,A,2,2,5,4,4,3,4,4,4,3,4,5
2B2-2904-09,29/04/2026 12:22:23,Grupo 3,09,B,2,2,4,4,3,3,4,3,4,3,3,4
2B1-2904-13,29/04/2026 13:21:01,Grupo 3,13,B,2,1,3,5,2,2,5,3,3,3,3,1
2A1-2904-13,29/04/2026 13:21:06,Grupo 3,13,A,2,1,5,4,2,3,4,4,4,3,5,5
2B1-2904-09,29/04/2026 13:21:47,Grupo 3,09,B,2,1,4,3,5,3,5,5,5,3,5,5
1S2-2904-09,29/04/2026 13:21:55,Grupo 3,09,S,1,2,4,5,3,3,5,5,4,2,5,5
1B2-2904-13,29/04/2026 13:22:18,Grupo 3,13,B,1,2,5,5,3,3,3,2,3,2,3,3
2A1-2904-13,29/04/2026 13:22:21,Grupo 3,13,A,2,1,5,5,3,2,4,2,4,3,1,1
2A1-2904-09,29/04/2026 13:22:50,Grupo 3,09,A,2,1,5,5,5,3,4,5,5,3,5,5
2A1-2904-13,29/04/2026 13:24:53,Grupo 3,13,A,2,1,5,4,1,3,4,3,2,2,3,3
2B1-2904-13,29/04/2026 13:25:25,Grupo 3,13,B,2,1,4,5,5,3,2,4,5,3,4,4
2A1-2904-13,29/04/2026 13:27:00,Grupo 3,13,A,2,1,3,5,3,2,3,2,4,2,2,1
2A2-2904-13,29/04/2026 13:28:53,Grupo 3,13,A,2,2,5,5,2,2,4,5,4,2,3,4
2A2-2904-13,29/04/2026 13:31:01,Grupo 3,13,A,2,2,4,5,2,2,4,2,5,3,2,1
2A1-2904-13,29/04/2026 13:36:46,Grupo 3,13,A,2,1,4,4,2,2,4,4,3,3,5,4
2A1-2904-13,29/04/2026 13:52:37,Grupo 3,13,A,2,1,4,4,3,2,5,4,4,2,3,5
2A2-2904-13,29/04/2026 13:56:11,Grupo 3,13,A,2,2,3,5,4,2,5,5,3,2,4,5
1S3-2904-13,29/04/2026 14:09:41,Grupo 3,13,S,1,3,5,5,5,3,5,5,5,3,5,5
1S3-2904-13,29/04/2026 14:09:42,Grupo 3,13,S,1,3,4,3,3,3,3,4,3,3,3,4
1S3-2904-13,29/04/2026 14:12:16,Grupo 3,13,S,1,3,2,3,3,2,4,2,3,1,3,3
1S3-2904-13,29/04/2026 14:13:52,Grupo 3,13,S,1,3,3,3,5,2,3,3,3,3,3,1
1S2-2904-13,29/04/2026 14:20:42,Grupo 3,13,S,1,2,5,4,3,2,4,2,3,1,3,3
11A2-2904-13,29/04/2026 14:44:05,Grupo 3,13,A,11,2,4,3,5,2,3,1,3,2,2,2
1S2-2904-13,29/04/2026 14:50:47,Grupo 3,13,S,1,2,4,4,3,2,5,2,4,2,2,4
1S2-2904-13,29/04/2026 14:55:51,Grupo 3,13,S,1,2,4,4,2,2,4,3,3,1,3,3
2A2-3004-09,30/04/2026 6:59:21,Grupo 3,09,A,2,2,4,5,4,2,4,5,5,3,4,5
2A2-3004-09,30/04/2026 9:00:55,Grupo 3,09,A,2,2,4,4,4,2,4,2,3,1,3,4
2A2-3004-09,30/04/2026 9:18:02,Grupo 3,09,A,2,2,4,3,3,2,4,3,4,2,2,3
2A1-3004-09,30/04/2026 9:21:38,Grupo 3,09,A,2,1,4,5,3,2,4,3,3,2,3,3
2A2-3004-09,30/04/2026 9:21:49,Grupo 3,09,A,2,2,4,3,2,3,1,1,4,3,3,3
2A1-3004-09,30/04/2026 9:23:54,Grupo 3,09,A,2,1,3,3,2,3,5,3,3,1,3,2
2A2-3004-09,30/04/2026 9:24:53,Grupo 3,09,A,2,2,4,4,2,2,3,2,2,1,3,2
2A2-3004-09,30/04/2026 9:35:23,Grupo 3,09,A,2,2,4,4,4,2,4,4,4,2,3,4
3B1-3004-09,30/04/2026 9:36:00,Grupo 3,09,B,3,1,2,4,3,2,4,3,2,1,2,3
2A2-3004-09,30/04/2026 9:39:25,Grupo 3,09,A,2,2,4,4,3,2,5,3,2,2,3,4
2A1-3004-09,30/04/2026 9:43:14,Grupo 3,09,A,2,1,3,5,3,3,3,3,4,2,3,3
11A1-3004-09,30/04/2026 9:43:19,Grupo 3,09,A,11,1,5,4,3,2,2,1,2,3,3,3
2A1-3004-09,30/04/2026 9:45:22,Grupo 3,09,A,2,1,4,5,3,3,4,4,5,2,4,5
2A1-3004-09,30/04/2026 9:45:36,Grupo 3,09,A,2,1,4,3,5,2,3,2,4,3,4,4
11A2-3004-09,30/04/2026 9:45:41,Grupo 3,09,A,11,2,4,5,2,2,3,2,3,2,4,4
2A1-3004-09,30/04/2026 9:46:57,Grupo 3,09,A,2,1,4,5,3,2,5,3,4,2,3,3
2A1-3004-09,30/04/2026 9:48:43,Grupo 3,09,A,2,1,3,3,3,2,3,3,3,2,3,3
8A3-3004-09,30/04/2026 9:54:32,Grupo 3,09,A,8,3,4,4,3,3,5,4,4,2,4,5
8A3-3004-09,30/04/2026 10:06:29,Grupo 3,09,A,8,3,5,3,2,2,5,3,3,3,4,3
2B1-3004-13,30/04/2026 10:08:57,Grupo 3,13,B,2,1,4,5,2,2,5,4,5,2,3,3
2A1-3004-09,30/04/2026 10:40:04,Grupo 3,09,A,2,1,3,3,3,3,3,3,3,3,3,3
2B1-3004-13,30/04/2026 10:55:17,Grupo 3,13,B,2,1,3,1,5,2,3,3,4,2,1,3
2A1-3004-09,30/04/2026 10:56:07,Grupo 3,09,A,2,1,5,3,4,3,4,4,3,2,4,3
2A1-3004-09,30/04/2026 10:56:16,Grupo 3,09,A,2,1,4,4,2,2,4,3,3,2,3,3
2A2-3004-09,30/04/2026 10:56:28,Grupo 3,09,A,2,2,4,4,2,2,4,4,5,2,3,3
2A2-3004-09,30/04/2026 10:57:45,Grupo 3,09,A,2,2,5,5,5,3,5,5,5,3,5,5
2A2-3004-09,30/04/2026 10:57:58,Grupo 3,09,A,2,2,3,4,3,2,3,4,3,3,4,3
2A2-3004-18,30/04/2026 10:58:14,Grupo 3,18,A,2,2,4,3,4,2,3,3,4,2,4,3
2A2-3004-09,30/04/2026 11:02:02,Grupo 3,09,A,2,2,4,4,3,1,3,3,3,1,2,3
2A1-3004-13,30/04/2026 11:24:55,Grupo 3,13,A,2,1,4,4,2,2,4,4,4,3,4,3
2B1-3004-09,30/04/2026 11:28:46,Grupo 3,09,B,2,1,4,4,3,2,4,3,3,2,3,2
2B1-3004-09,30/04/2026 11:29:05,Grupo 3,09,B,2,1,1,5,3,2,4,2,3,1,2,3
2A1-3004-09,30/04/2026 11:31:11,Grupo 3,09,A,2,1,3,3,3,3,3,3,2,1,2,2
2A1-3004-13,30/04/2026 11:37:06,Grupo 3,13,A,2,1,3,3,3,2,4,3,3,2,3,3
1A1-3004-09,30/04/2026 11:39:14,Grupo 3,09,A,1,1,3,4,3,2,2,3,2,2,3,2
2A1-3004-09,30/04/2026 11:40:53,Grupo 3,09,A,2,1,4,5,4,3,4,5,4,3,5,5
2B1-3004-18,30/04/2026 11:42:04,Grupo 3,18,B,2,1,4,2,4,2,3,5,4,2,4,4
1A1-3004-13,30/04/2026 11:43:06,Grupo 3,13,A,1,1,3,5,3,3,3,1,3,2,3,3
1A1-3004-09,30/04/2026 11:43:08,Grupo 3,09,A,1,1,4,5,3,2,2,1,3,1,3,3
5B2-3004-13,30/04/2026 11:51:14,Grupo 3,13,B,5,2,4,5,4,2,4,3,3,3,3,3
5B2-3004-09,30/04/2026 11:51:42,Grupo 3,09,B,5,2,4,4,4,3,4,3,3,3,3,3
2B2-3004-13,30/04/2026 11:55:49,Grupo 3,13,B,2,2,3,5,2,2,5,4,3,2,2,3
2A1-3004-13,30/04/2026 11:56:02,Grupo 3,13,A,2,1,5,4,2,3,5,5,1,1,2,5
2A1-3004-13,30/04/2026 11:58:57,Grupo 3,13,A,2,1,5,3,2,3,4,2,4,2,3,3
2A1-3004-13,30/04/2026 11:59:34,Grupo 3,13,A,2,1,5,5,3,2,5,3,4,2,3,4
2A1-3004-13,30/04/2026 12:01:08,Grupo 3,13,A,2,1,5,4,2,2,4,1,2,2,4,4
2A1-3004-13,30/04/2026 12:01:15,Grupo 3,13,A,2,1,5,5,2,2,4,1,3,3,4,1
2A2-3004-09,30/04/2026 12:04:23,Grupo 3,09,A,2,2,3,4,3,2,4,4,3,2,4,3
1B3-3004-13,30/04/2026 12:07:30,Grupo 3,13,B,1,3,4,3,3,2,3,1,2,2,2,2
2A1-3004-13,30/04/2026 12:10:22,Grupo 3,13,A,2,1,4,4,3,3,4,4,4,2,4,4
2A1-3004-09,30/04/2026 12:11:20,Grupo 3,09,A,2,1,5,5,5,3,5,5,5,3,5,5
2A2-3004-13,30/04/2026 12:16:10,Grupo 3,13,A,2,2,4,4,3,2,3,3,4,2,3,3
6A4-3004-13,30/04/2026 12:16:10,Grupo 3,13,A,6,4,5,5,3,2,4,2,4,3,3,3
6A5-3004-13,30/04/2026 12:16:10,Grupo 3,13,A,6,5,5,5,3,2,3,2,2,3,4,2
6A5-3004-09,30/04/2026 12:18:09,Grupo 3,09,A,6,5,5,5,2,2,5,1,3,2,2,3
6A5-3004-13,30/04/2026 12:18:29,Grupo 3,13,A,6,5,5,5,2,2,4,3,3,3,3,3
6A5-3004-13,30/04/2026 12:18:52,Grupo 3,13,A,6,5,4,5,3,1,4,4,4,3,3,2
6A4-3004-13,30/04/2026 12:20:00,Grupo 3,13,A,6,4,5,4,2,2,4,1,3,2,2,3
6A4-3004-13,30/04/2026 12:20:09,Grupo 3,13,A,6,4,4,5,2,2,3,3,3,2,2,3
6A5-3004-13,30/04/2026 12:20:12,Grupo 3,13,A,6,5,5,4,4,2,5,2,2,2,2,1
6A5-3004-13,30/04/2026 12:20:15,Grupo 3,13,A,6,5,5,5,3,2,4,2,3,1,3,4
6A4-3004-09,30/04/2026 12:21:40,Grupo 3,09,A,6,4,4,3,1,1,4,3,3,2,2,2
6A4-3004-13,30/04/2026 12:21:55,Grupo 3,13,A,6,4,4,3,3,2,4,3,4,3,4,3
6A5-3004-13,30/04/2026 12:22:22,Grupo 3,13,A,6,5,5,4,2,1,3,3,2,1,3,1
6A3-3004-13,30/04/2026 12:23:10,Grupo 3,13,A,6,3,5,3,2,1,4,2,3,2,2,2
6A4-3004-13,30/04/2026 12:27:13,Grupo 3,13,A,6,4,3,4,2,2,4,3,4,2,4,4
1A3-3004-13,30/04/2026 13:00:26,Grupo 3,13,A,1,3,5,5,3,2,5,1,3,3,2,1
2A2-3004-09,30/04/2026 13:01:52,Grupo 3,09,A,2,2,3,5,5,3,5,5,5,3,5,5
1A3-3004-13,30/04/2026 13:02:09,Grupo 3,13,A,1,3,4,3,2,2,3,1,3,3,3,3
2A2-3004-13,30/04/2026 13:03:39,Grupo 3,13,A,2,2,3,5,3,2,5,3,4,2,4,4
2A2-3004-13,30/04/2026 13:04:58,Grupo 3,13,A,2,2,2,5,2,2,3,3,3,2,3,3
1S1-3004-13,30/04/2026 13:05:07,Grupo 3,13,S,1,1,2,4,1,2,1,4,2,3,3,3
2B2-3004-09,30/04/2026 13:05:17,Grupo 3,09,B,2,2,5,5,5,3,5,5,5,3,5,5
1A1-3004-13,30/04/2026 13:08:40,Grupo 3,13,A,1,1,5,5,2,2,4,2,4,3,2,1
1B3-3004-13,30/04/2026 13:09:03,Grupo 3,13,B,1,3,4,5,4,3,3,3,4,2,4,4
1B1-3004-13,30/04/2026 13:11:01,Grupo 3,13,B,1,1,3,3,3,2,4,5,1,2,4,3
1B1-3004-13,30/04/2026 13:11:12,Grupo 3,13,B,1,1,3,3,1,2,4,3,4,2,4,2
1A3-3004-13,30/04/2026 13:11:54,Grupo 3,13,A,1,3,5,5,5,3,5,5,5,3,5,5
1A3-3004-13,30/04/2026 13:11:56,Grupo 3,13,A,1,3,5,5,4,2,5,4,5,3,4,5
2A1-3004-13,30/04/2026 13:13:27,Grupo 3,13,A,2,1,3,4,2,3,4,1,4,3,3,5
2A2-3004-13,30/04/2026 13:13:45,Grupo 3,13,A,2,2,4,4,5,2,4,4,4,3,5,5
1A2-3004-13,30/04/2026 13:18:14,Grupo 3,13,A,1,2,1,5,3,2,4,1,3,1,3,1
1S2-3004-09,30/04/2026 13:18:14,Grupo 3,09,S,1,2,1,5,3,2,3,2,3,1,3,2
2B1-3004-13,30/04/2026 13:18:29,Grupo 3,13,B,2,1,5,4,3,2,4,3,4,1,3,3
2B1-3004-13,30/04/2026 13:19:58,Grupo 3,13,B,2,1,5,4,2,3,2,1,3,1,3,4
10A1-3004-13,30/04/2026 13:22:06,Grupo 3,13,A,10,1,4,4,2,2,3,3,5,3,4,4
1A3-3004-13,30/04/2026 13:24:48,Grupo 3,13,A,1,3,3,5,3,3,4,3,3,3,4,3
1B3-3004-18,30/04/2026 15:48:03,Grupo 3,18,B,1,3,5,5,3,2,5,1,3,3,2,3
5B1-2704-09,27/04/2026 9:26:24,Grupo 4,09,B,5,1,4,5,4,2,4,3,4,3,4,4
5B1-2704-09,27/04/2026 9:34:34,Grupo 4,09,B,5,1,5,3,5,2,5,4,4,3,3,4
5B1-2704-09,27/04/2026 9:35:57,Grupo 4,09,B,5,1,3,3,4,3,4,1,2,2,3,2
5B1-2704-09,27/04/2026 9:38:38,Grupo 4,09,B,5,1,5,4,4,2,5,3,4,3,4,4
5B1-2704-09,27/04/2026 9:39:06,Grupo 4,09,B,5,1,4,5,4,2,4,3,3,3,4,4
5B1-2704-09,27/04/2026 9:39:46,Grupo 4,09,B,5,1,5,5,5,2,5,4,4,2,4,4
5B1-2704-09,27/04/2026 9:39:56,Grupo 4,09,B,5,1,5,5,5,3,5,4,4,3,4,4
5B1-2704-13,27/04/2026 13:02:34,Grupo 4,13,B,5,1,3,4,4,2,5,4,4,3,4,4
2B1-2704-13,27/04/2026 13:05:12,Grupo 4,13,B,2,1,1,1,1,1,1,1,1,1,1,1
5B1-2704-13,27/04/2026 13:06:41,Grupo 4,13,B,5,1,4,3,5,3,3,2,4,3,3,4
5B1-2704-13,27/04/2026 13:07:20,Grupo 4,13,B,5,1,1,1,1,1,1,1,1,1,1,1
5B1-2704-13,27/04/2026 13:10:08,Grupo 4,13,B,5,1,5,5,4,2,5,3,4,3,4,4
5B1-2704-13,27/04/2026 13:13:20,Grupo 4,13,B,5,1,5,5,5,3,5,5,5,2,5,5
5B1-2704-13,27/04/2026 13:13:43,Grupo 4,13,B,5,1,5,5,5,2,4,3,4,3,5,5
5B1-2704-13,27/04/2026 13:13:44,Grupo 4,13,B,5,1,5,4,4,2,5,4,4,2,4,5
5B1-2704-13,27/04/2026 13:17:10,Grupo 4,13,B,5,1,5,5,2,2,5,4,4,3,3,3
5B1-2704-13,27/04/2026 13:19:52,Grupo 4,13,B,5,1,4,4,3,3,3,2,2,3,2,3
5B1-2704-13,27/04/2026 13:22:55,Grupo 4,13,B,5,1,5,5,4,2,5,5,5,3,4,4
5B1-2704-13,27/04/2026 13:24:09,Grupo 4,13,B,5,1,5,5,2,3,3,4,5,3,3,4
5B1-2704-13,27/04/2026 13:25:42,Grupo 4,13,B,5,1,5,4,4,3,5,4,3,3,3,3
5B1-2704-13,27/04/2026 13:27:55,Grupo 4,13,B,5,1,4,5,5,3,5,5,5,3,5,5
5B1-2704-13,27/04/2026 13:31:12,Grupo 4,13,B,5,1,5,5,4,2,5,4,5,3,5,4
5B1-2704-13,27/04/2026 13:33:50,Grupo 4,13,B,5,1,4,5,2,3,5,1,2,3,4,2
5B1-2704-18,27/04/2026 17:11:55,Grupo 4,18,B,5,1,4,4,4,2,5,3,4,2,4,4
5B1-2704-18,27/04/2026 17:15:00,Grupo 4,18,B,5,1,4,3,4,3,4,5,5,3,3,5
5B1-2704-18,27/04/2026 17:17:16,Grupo 4,18,B,5,1,5,3,4,2,5,3,5,3,4,2
5B1-2704-18,27/04/2026 17:17:37,Grupo 4,18,B,5,1,5,5,5,2,5,4,4,3,5,5
5B1-2704-18,27/04/2026 17:18:05,Grupo 4,18,B,5,1,5,3,3,2,2,3,3,2,3,3
5B1-2704-18,27/04/2026 17:19:50,Grupo 4,18,B,5,1,5,4,4,2,4,2,4,2,4,4
5B1-2704-18,27/04/2026 17:20:32,Grupo 4,18,B,5,1,3,2,4,2,4,2,4,3,5,5
5B1-2704-18,27/04/2026 17:21:01,Grupo 4,18,B,5,1,5,5,4,2,5,4,3,2,3,3
5B1-2704-18,27/04/2026 17:21:06,Grupo 4,18,B,5,1,4,5,4,2,4,4,3,2,3,3
5B1-2704-18,27/04/2026 17:22:00,Grupo 4,18,B,5,1,5,5,5,2,5,3,4,2,3,4
5B1-2704-18,27/04/2026 17:23:50,Grupo 4,18,B,5,1,4,5,3,2,4,3,3,3,4,3
5B1-2704-18,27/04/2026 17:24:35,Grupo 4,18,B,5,1,5,5,4,2,5,4,5,2,3,3
5B1-2704-18,27/04/2026 17:24:53,Grupo 4,18,B,5,1,3,4,3,2,4,3,3,3,4,4
5B1-2704-18,27/04/2026 17:25:02,Grupo 4,18,B,5,1,5,5,4,3,5,2,3,3,5,5
1A1-2804-09,28/04/2026 8:48:53,Grupo 4,09,A,1,1,5,5,2,2,4,3,2,3,4,2
1A1-2804-09,28/04/2026 9:09:01,Grupo 4,09,A,1,1,4,3,2,2,3,2,3,3,3,3
1A1-2804-09,28/04/2026 9:22:43,Grupo 4,09,A,1,1,4,5,3,2,4,3,5,1,3,3
1A1-2804-09,28/04/2026 9:25:41,Grupo 4,09,A,1,1,3,4,3,2,5,2,4,2,3,3
1A1-2804-09,28/04/2026 9:27:41,Grupo 4,09,A,1,1,2,3,5,1,2,1,2,3,2,2
1A1-2804-09,28/04/2026 9:27:59,Grupo 4,09,A,1,1,3,2,2,3,4,2,3,1,2,3
1A1-2804-09,28/04/2026 9:35:55,Grupo 4,09,A,1,1,3,3,4,2,3,2,2,2,3,3
8A4-2804-09,28/04/2026 9:44:32,Grupo 4,09,A,8,4,4,5,2,2,4,4,4,2,4,4
1A1-2804-09,28/04/2026 9:45:00,Grupo 4,09,A,1,1,3,4,2,2,4,1,1,2,1,2
1A1-2804-09,28/04/2026 9:59:06,Grupo 4,09,A,1,1,4,4,3,2,4,3,4,2,4,4
1A1-2804-09,28/04/2026 12:09:25,Grupo 4,09,A,1,1,4,3,4,2,4,3,3,2,4,3
1A1-2804-13,28/04/2026 12:58:11,Grupo 4,13,A,1,1,3,5,3,2,5,3,5,1,5,4
1A1-2804-13,28/04/2026 13:01:43,Grupo 4,13,A,1,1,4,4,3,2,4,3,3,2,4,2
1A1-2804-13,28/04/2026 13:08:21,Grupo 4,13,A,1,1,3,2,4,1,4,2,4,2,3,3
1A2-2804-13,28/04/2026 13:21:18,Grupo 4,13,A,1,2,2,5,5,2,4,2,4,2,3,3
1A2-2804-13,28/04/2026 13:21:20,Grupo 4,13,A,1,2,5,4,3,2,4,3,4,3,3,3
1A1-2804-13,28/04/2026 13:26:35,Grupo 4,13,A,1,1,5,5,2,2,5,2,3,2,4,5
1A1-2804-13,28/04/2026 13:27:17,Grupo 4,13,A,1,1,3,4,3,3,4,2,3,1,2,3
1A1-2804-13,28/04/2026 13:30:27,Grupo 4,13,A,1,1,3,4,4,2,4,3,3,3,4,3
1A1-2804-13,28/04/2026 13:33:08,Grupo 4,13,A,1,1,4,5,3,2,3,3,3,3,4,3
8A4-2804-13,28/04/2026 13:33:51,Grupo 4,13,A,8,4,4,4,2,2,4,1,2,2,2,3
1A1-2804-13,28/04/2026 13:36:13,Grupo 4,13,A,1,1,5,5,5,2,3,1,4,2,4,4
1A1-2804-13,28/04/2026 13:36:24,Grupo 4,13,A,1,1,5,3,3,2,4,3,3,3,4,4
1A1-2804-13,28/04/2026 13:38:59,Grupo 4,13,A,1,1,4,3,3,2,4,3,4,3,3,3
1A1-2804-18,28/04/2026 18:30:16,Grupo 4,18,A,1,1,4,5,4,2,5,1,4,3,4,4
1A1-2804-18,28/04/2026 18:32:50,Grupo 4,18,A,1,1,5,4,5,2,5,1,4,3,5,3
1A1-2804-18,28/04/2026 18:37:38,Grupo 4,18,A,1,1,3,4,3,2,3,2,3,3,3,2
1A1-2804-18,28/04/2026 18:39:37,Grupo 4,18,A,1,1,4,3,3,2,4,3,3,1,2,4
1A1-2804-18,28/04/2026 18:41:31,Grupo 4,18,A,1,1,3,3,3,2,3,2,3,2,3,2
1A1-2804-18,28/04/2026 18:41:53,Grupo 4,18,A,1,1,4,5,2,2,4,3,3,2,3,3
1A1-2804-18,28/04/2026 18:42:04,Grupo 4,18,A,1,1,4,3,2,1,4,3,2,1,3,2
1A1-2804-18,28/04/2026 18:44:37,Grupo 4,18,A,1,1,4,3,3,3,2,3,3,2,3,4
1A1-2804-18,28/04/2026 18:45:26,Grupo 4,18,A,1,1,4,3,3,2,3,2,2,1,3,2
1A1-2804-18,28/04/2026 18:45:51,Grupo 4,18,A,1,1,3,5,3,2,4,1,3,3,3,1
1B3-2804-09,28/04/2026 18:50:37,Grupo 4,09,B,1,3,4,4,5,3,4,4,4,3,3,5
1A1-2804-18,28/04/2026 18:51:45,Grupo 4,18,A,1,1,3,3,3,3,4,4,4,3,3,4
1A1-2804-18,28/04/2026 18:52:29,Grupo 4,18,A,1,1,3,5,5,2,4,1,3,3,3,2
1A1-2804-18,28/04/2026 18:52:54,Grupo 4,18,A,1,1,4,3,3,2,2,3,3,3,3,1
1A2-2904-09,29/04/2026 9:07:48,Grupo 4,09,A,1,2,3,3,4,3,2,1,3,1,1,1
1A2-2904-09,29/04/2026 9:09:51,Grupo 4,09,A,1,2,4,5,2,2,5,4,4,2,3,3
1A2-2904-09,29/04/2026 9:16:01,Grupo 4,09,A,1,2,4,4,2,2,3,3,4,2,3,4
1A2-2904-09,29/04/2026 9:16:07,Grupo 4,09,A,1,2,3,5,3,2,4,3,5,2,2,3
1A2-2904-09,29/04/2026 9:16:12,Grupo 4,09,A,1,2,3,5,3,2,4,5,5,2,5,4
1A2-2904-09,29/04/2026 9:19:43,Grupo 4,09,A,1,2,5,5,5,3,5,4,5,3,5,5
1A2-2904-09,29/04/2026 9:19:50,Grupo 4,09,A,1,2,3,3,3,2,2,2,4,1,3,2
1A2-2904-09,29/04/2026 9:20:43,Grupo 4,09,A,1,2,4,4,3,2,5,3,4,3,3,3
1A2-2904-09,29/04/2026 9:21:19,Grupo 4,09,A,1,2,4,5,3,2,4,3,4,1,3,4
1A2-2904-09,29/04/2026 9:21:33,Grupo 4,09,A,1,2,4,5,3,2,4,4,4,2,4,4
1A2-2904-09,29/04/2026 9:27:12,Grupo 4,09,A,1,2,5,5,3,2,5,3,3,1,2,3
1A2-2904-09,29/04/2026 9:30:11,Grupo 4,09,A,1,2,5,5,2,2,4,5,5,2,4,4
1A2-2904-09,29/04/2026 9:33:10,Grupo 4,09,A,1,2,3,3,3,2,4,1,2,1,2,3
1A2-2904-09,29/04/2026 9:35:23,Grupo 4,09,A,1,2,3,2,4,2,4,1,1,2,2,1
1A2-2904-09,29/04/2026 9:40:32,Grupo 4,09,A,1,2,4,4,3,2,3,2,3,2,3,3
1A2-2904-13,29/04/2026 14:12:03,Grupo 4,13,A,1,2,4,4,3,2,4,3,3,2,3,3
1A2-2904-13,29/04/2026 14:14:58,Grupo 4,13,A,1,2,3,3,3,3,1,1,1,1,2,4
1A2-2904-13,29/04/2026 14:18:02,Grupo 4,13,A,1,2,4,3,5,2,4,2,3,2,4,3
1A2-2904-13,29/04/2026 14:19:06,Grupo 4,13,A,1,2,3,2,4,3,3,1,2,3,3,4
1A2-2904-13,29/04/2026 14:19:44,Grupo 4,13,A,1,2,4,2,4,2,2,3,2,2,3,4
1A2-2904-13,29/04/2026 14:19:45,Grupo 4,13,A,1,2,3,2,3,2,5,3,1,2,3,3
1A2-2904-13,29/04/2026 14:22:12,Grupo 4,13,A,1,2,4,3,3,2,4,3,4,2,3,3
1A2-2904-13,29/04/2026 14:28:57,Grupo 4,13,A,1,2,3,4,3,2,4,3,3,1,4,2
1A2-2904-13,29/04/2026 14:31:16,Grupo 4,13,A,1,2,4,5,3,2,4,4,5,2,3,4
1A2-2904-13,29/04/2026 14:39:24,Grupo 4,13,A,1,2,1,3,2,2,3,1,4,2,1,1
1A2-2904-13,29/04/2026 14:39:30,Grupo 4,13,A,1,2,4,2,2,2,3,2,3,2,3,3
1A2-2904-13,29/04/2026 14:40:45,Grupo 4,13,A,1,2,4,4,1,2,4,3,3,2,3,3
1A2-2904-13,29/04/2026 14:41:29,Grupo 4,13,A,1,2,4,4,2,2,4,4,4,3,4,3
1A2-2904-13,29/04/2026 14:44:17,Grupo 4,13,A,1,2,5,5,5,3,5,5,5,3,5,5
1A2-2904-18,29/04/2026 17:01:54,Grupo 4,18,A,1,2,2,3,5,2,2,3,2,2,2,3
1A2-2904-18,29/04/2026 17:02:17,Grupo 4,18,A,1,2,2,3,1,2,3,3,2,2,3,2
1A2-2904-18,29/04/2026 17:03:02,Grupo 4,18,A,1,2,5,5,5,3,5,5,5,3,5,5
1A2-2904-18,29/04/2026 17:03:49,Grupo 4,18,A,1,2,5,5,5,2,4,3,5,2,3,4
1A2-2904-18,29/04/2026 17:15:00,Grupo 4,18,A,1,2,5,5,3,3,3,2,4,2,3,3
1A2-2904-18,29/04/2026 17:16:55,Grupo 4,18,A,1,2,4,4,3,2,4,3,3,2,3,3
1A2-2904-18,29/04/2026 17:18:11,Grupo 4,18,A,1,2,3,4,3,2,4,2,3,1,2,3
1A2-2904-18,29/04/2026 17:19:13,Grupo 4,18,A,1,2,5,4,4,3,5,5,5,3,5,5
1A2-2904-18,29/04/2026 17:19:20,Grupo 4,18,A,1,2,3,4,3,2,3,2,3,2,2,3
1A2-2904-18,29/04/2026 17:27:22,Grupo 4,18,A,1,2,4,3,3,2,4,4,3,1,3,3
1A2-2904-18,29/04/2026 17:42:37,Grupo 4,18,A,1,2,5,5,3,2,3,3,2,2,2,2
1A2-2904-18,29/04/2026 17:44:12,Grupo 4,18,A,1,2,5,5,3,2,4,3,4,1,4,3
1A2-2904-18,29/04/2026 17:44:46,Grupo 4,18,A,1,2,4,4,3,2,2,3,3,3,4,2
1A2-2904-18,29/04/2026 17:46:46,Grupo 4,18,A,1,2,4,5,4,2,5,2,2,1,2,1
1A2-2904-18,29/04/2026 17:46:50,Grupo 4,18,A,1,2,5,4,4,2,5,5,5,2,3,4
1A2-2904-18,29/04/2026 17:47:23,Grupo 4,18,A,1,2,5,3,2,2,5,5,4,3,3,3
1A2-2904-18,29/04/2026 17:48:23,Grupo 4,18,A,1,2,5,5,3,2,5,3,5,2,5,3
1A4-3004-09,30/04/2026 8:19:57,Grupo 4,09,A,1,4,4,3,4,2,4,3,4,2,3,3
1A4-3004-09,30/04/2026 8:20:55,Grupo 4,09,A,1,4,4,4,5,3,5,5,5,3,5,5
1A4-3004-09,30/04/2026 8:21:54,Grupo 4,09,A,1,4,2,2,3,2,3,2,2,1,2,2
1A4-3004-09,30/04/2026 8:23:39,Grupo 4,09,A,1,4,2,3,4,1,4,4,4,3,3,4
1A4-3004-09,30/04/2026 8:27:27,Grupo 4,09,A,1,4,5,4,4,2,4,4,4,3,5,5
1A4-3004-9,30/04/2026 8:40:57,Grupo 4,9,A,1,4,3,2,5,2,3,4,3,2,3,3
1A4-3004-9,30/04/2026 8:42:09,Grupo 4,9,A,1,4,2,2,2,1,3,2,3,2,2,2
1A4-3004-09,30/04/2026 8:43:06,Grupo 4,09,A,1,4,4,4,4,2,4,4,4,2,4,3
1A4-3004-09,30/04/2026 8:43:57,Grupo 4,09,A,1,4,3,3,3,2,4,3,3,2,3,3
1A4-3004-09,30/04/2026 8:46:07,Grupo 4,09,A,1,4,3,3,2,2,5,3,3,1,3,3
1A4-3004-09,30/04/2026 8:47:38,Grupo 4,09,A,1,4,5,3,2,2,4,2,3,3,2,3
1A4-3004-09,30/04/2026 8:50:08,Grupo 4,09,A,1,4,4,4,4,3,4,4,5,3,4,4
1A4-3004-09,30/04/2026 8:51:21,Grupo 4,09,A,1,4,3,2,3,3,3,3,2,1,2,2
1A5-3004-09,30/04/2026 9:09:29,Grupo 4,09,A,1,5,4,5,3,2,5,1,4,1,1,1
1A5-3004-09,30/04/2026 9:12:16,Grupo 4,09,A,1,5,5,5,2,1,5,1,1,1,1,1
1A5-3004-09,30/04/2026 9:13:52,Grupo 4,09,A,1,5,3,2,3,2,5,1,3,1,1,1
1A5-3004-09,30/04/2026 9:15:28,Grupo 4,09,A,1,5,3,4,2,2,4,2,1,1,1,1
1A5-3004-09,30/04/2026 9:17:19,Grupo 4,09,A,1,5,2,4,3,1,4,1,3,1,1,1
1A5-3004-09,30/04/2026 9:19:10,Grupo 4,09,A,1,5,3,4,4,2,4,2,2,3,2,1
1A5-3004-09,30/04/2026 9:20:38,Grupo 4,09,A,1,5,4,2,4,2,5,4,4,2,1,1
1A5-3004-09,30/04/2026 9:21:34,Grupo 4,09,A,1,5,4,3,4,2,4,4,4,1,1,1
1A5-3004-09,30/04/2026 9:26:06,Grupo 4,09,A,1,5,4,4,2,2,4,2,4,1,2,1
1A5-3004-09,30/04/2026 9:27:24,Grupo 4,09,A,1,5,4,3,3,2,3,3,3,1,1,1
1A5-3004-09,30/04/2026 9:28:35,Grupo 4,09,A,1,5,1,2,3,2,3,3,2,2,1,2
1A5-3004-09,30/04/2026 9:29:39,Grupo 4,09,A,1,5,2,2,3,3,3,3,5,1,2,1
1A5-3004-09,30/04/2026 9:31:46,Grupo 4,09,A,1,5,3,3,2,2,4,2,1,2,2,4
1A4-3004-09,30/04/2026 9:34:14,Grupo 4,09,A,1,4,4,5,3,3,4,3,3,2,2,3
1A4-3004-09,30/04/2026 9:45:34,Grupo 4,09,A,1,4,3,5,4,2,5,3,4,2,5,5
1A4-3004-09,30/04/2026 9:49:16,Grupo 4,09,A,1,4,3,4,4,2,4,1,3,1,2,1
1A4-3004-09,30/04/2026 9:50:02,Grupo 4,09,A,1,4,3,3,4,2,3,4,4,2,4,5
1A4-3004-09,30/04/2026 9:50:22,Grupo 4,09,A,1,4,4,3,3,1,5,1,4,1,3,3
1A4-3004-09,30/04/2026 9:51:33,Grupo 4,09,A,1,4,2,5,4,3,5,3,4,1,3,4
1A4-3004-09,30/04/2026 9:52:12,Grupo 4,09,A,1,4,4,4,4,3,5,4,4,1,4,4
1A4-3004-09,30/04/2026 9:53:37,Grupo 4,09,A,1,4,4,3,4,2,5,3,5,2,5,5
1A4-3004-09,30/04/2026 9:55:41,Grupo 4,09,A,1,4,4,4,3,2,4,4,4,2,4,5
1A5-3004-09,30/04/2026 10:02:50,Grupo 4,09,A,1,5,4,3,4,2,4,4,4,2,4,4
1A4-3004-09,30/04/2026 10:15:10,Grupo 4,09,A,1,4,4,5,3,2,4,3,3,2,4,4
1A4-3004-09,30/04/2026 10:17:36,Grupo 4,09,A,1,4,3,5,4,2,5,4,4,2,2,3
1A4-3004-09,30/04/2026 10:35:37,Grupo 4,09,A,1,4,3,4,5,2,5,5,4,3,4,5
1A4-3004-09,30/04/2026 10:36:28,Grupo 4,09,A,1,4,5,5,2,3,4,3,4,2,4,3
1A4-3004-09,30/04/2026 10:37:20,Grupo 4,09,A,1,4,3,4,3,2,4,4,4,3,4,4
1A4-3004-09,30/04/2026 10:38:25,Grupo 4,09,A,1,4,4,5,4,2,5,5,5,1,5,4
1B1-3004-13,30/04/2026 13:19:46,Grupo 4,13,B,1,1,4,3,3,2,4,3,3,2,2,3
1A4-3004-18,30/04/2026 18:04:35,Grupo 4,18,A,1,4,5,3,2,2,4,3,4,1,4,3
1A4-3004-18,30/04/2026 18:05:18,Grupo 4,18,A,1,4,4,3,4,2,4,3,3,1,2,4
1A4-3004-18,30/04/2026 18:09:57,Grupo 4,18,A,1,4,4,4,3,2,4,3,3,2,3,4
1A5-3004-18,30/04/2026 18:50:08,Grupo 4,18,A,1,5,3,4,4,2,4,3,3,1,1,1
1A5-3004-18,30/04/2026 18:53:56,Grupo 4,18,A,1,5,4,4,5,2,5,5,3,1,2,3
1A4-3004-18,30/04/2026 18:55:17,Grupo 4,18,A,1,4,3,4,2,2,4,4,3,1,3,3
1A5-3004-18,30/04/2026 18:55:36,Grupo 4,18,A,1,5,4,3,1,2,3,2,3,1,1,3
1A4-3004-18,30/04/2026 18:56:41,Grupo 4,18,A,1,4,2,4,2,2,3,4,2,1,2,3
1A5-3004-18,30/04/2026 18:57:38,Grupo 4,18,A,1,5,4,5,3,2,3,2,4,1,1,2
1A4-3004-18,30/04/2026 18:59:26,Grupo 4,18,A,1,4,3,5,2,2,4,5,3,2,4,4
1A5-3004-18,30/04/2026 19:02:47,Grupo 4,18,A,1,5,3,5,3,2,5,3,4,2,2,3
1A4-3004-18,30/04/2026 19:03:27,Grupo 4,18,A,1,4,4,4,1,2,3,4,2,1,3,3
1A5-3004-18,30/04/2026 19:04:53,Grupo 4,18,A,1,5,5,5,3,3,5,5,5,2,3,3
1A4-3004-18,30/04/2026 19:06:21,Grupo 4,18,A,1,4,3,4,2,3,4,4,3,2,3,3
1A5-3004-18,30/04/2026 19:06:24,Grupo 4,18,A,1,5,3,3,3,2,5,4,4,2,3,3
1A5-3004-18,30/04/2026 19:09:20,Grupo 4,18,A,1,5,3,5,4,3,4,4,3,2,3,4
1A4-3004-18,30/04/2026 19:12:58,Grupo 4,18,A,1,4,4,5,3,2,4,5,3,1,4,4
1A4-3004-18,30/04/2026 19:20:45,Grupo 4,18,A,1,4,4,4,2,2,3,4,3,1,3,3
1A4-3004-18,30/04/2026 19:22:32,Grupo 4,18,A,1,4,3,4,2,2,4,3,3,2,3,3
1A5-3004-18,30/04/2026 19:22:36,Grupo 4,18,A,1,5,5,4,3,1,5,2,5,2,1,2
1A4-3004-18,30/04/2026 19:23:53,Grupo 4,18,A,1,4,4,5,1,2,4,5,3,1,3,3
1A5-3004-18,30/04/2026 19:24:14,Grupo 4,18,A,1,5,5,5,3,3,5,5,5,3,2,3
1A5-3004-18,30/04/2026 19:24:52,Grupo 4,18,A,1,5,5,5,3,1,5,4,4,3,3,3
1A4-3004-18,30/04/2026 19:25:02,Grupo 4,18,A,1,4,3,4,2,3,3,4,3,2,3,3
1A4-3004-18,30/04/2026 19:26:52,Grupo 4,18,A,1,4,3,4,2,2,3,3,2,1,4,4
1A5-3004-18,30/04/2026 19:27:16,Grupo 4,18,A,1,5,4,3,3,2,4,3,3,2,2,2
1A4-3004-18,30/04/2026 19:28:02,Grupo 4,18,A,1,4,3,5,3,2,4,5,3,2,4,5
1A5-3004-18,30/04/2026 19:28:04,Grupo 4,18,A,1,5,5,5,5,3,5,5,5,3,3,3
1A4-3004-18,30/04/2026 19:29:46,Grupo 4,18,A,1,4,5,4,1,3,3,2,3,1,2,3
1A5-3004-18,30/04/2026 19:31:02,Grupo 4,18,A,1,5,5,5,3,3,4,3,4,3,5,5
5B1-2704-09,27/04/2026 9:26:44,Grupo 5,09,B,5,1,4,5,4,2,4,5,4,3,4,4
11A1-2704-13,27/04/2026 13:20:46,Grupo 5,13,A,11,1,1,1,2,1,1,1,1,1,1,1
5A1-2804-09,28/04/2026 8:59:07,Grupo 5,09,A,5,1,1,3,3,1,5,3,4,2,5,4
5A1-2804-09,28/04/2026 8:59:09,Grupo 5,09,A,5,1,2,3,4,1,4,3,4,3,4,4
5A1-2804-09,28/04/2026 9:01:41,Grupo 5,09,A,5,1,2,2,3,1,4,4,4,2,4,4
5A1-2804-09,28/04/2026 9:04:29,Grupo 5,09,A,5,1,2,3,2,1,4,3,4,1,4,4
5A1-2804-09,28/04/2026 9:06:37,Grupo 5,09,A,5,1,2,2,3,1,5,4,4,2,5,4
5A1-2804-09,28/04/2026 9:06:38,Grupo 5,09,A,5,1,3,3,4,1,4,3,4,2,4,4
5A1-2804-09,28/04/2026 9:08:23,Grupo 5,09,A,5,1,3,2,3,1,5,4,3,2,5,4
5A1-2804-09,28/04/2026 9:09:32,Grupo 5,09,A,5,1,3,3,3,1,4,3,4,1,3,3
5A1-2804-09,28/04/2026 9:10:57,Grupo 5,09,A,5,1,2,3,3,1,5,4,4,2,4,4
5A1-2804-09,28/04/2026 9:13:52,Grupo 5,09,A,5,1,3,3,3,1,4,4,4,2,5,5
5A1-2804-09,28/04/2026 9:13:53,Grupo 5,09,A,5,1,2,3,2,1,5,3,4,2,4,4
5A1-2804-09,28/04/2026 9:17:15,Grupo 5,09,A,5,1,3,2,3,1,4,3,3,1,4,4
5A1-2804-09,28/04/2026 9:17:17,Grupo 5,09,A,5,1,3,3,2,1,4,3,4,2,5,4
5A1-2804-09,28/04/2026 9:22:47,Grupo 5,09,A,5,1,3,2,3,1,4,3,4,1,3,3
5A2-2804-09,28/04/2026 9:32:21,Grupo 5,09,A,5,2,3,3,3,1,3,3,3,1,4,4
5A2-2804-09,28/04/2026 9:32:37,Grupo 5,09,A,5,2,4,3,2,1,4,4,3,2,4,4
5A2-2804-09,28/04/2026 9:32:39,Grupo 5,09,A,5,2,4,4,3,1,4,3,3,2,5,4
5A2-2804-09,28/04/2026 9:33:47,Grupo 5,09,A,5,2,3,3,3,1,4,4,4,1,5,3
5A2-2804-09,28/04/2026 9:34:39,Grupo 5,09,A,5,2,3,4,3,1,4,3,4,2,4,3
5A2-2804-09,28/04/2026 9:34:40,Grupo 5,09,A,5,2,4,4,3,1,5,3,4,2,4,4
5A2-2804-09,28/04/2026 9:35:10,Grupo 5,09,A,5,2,2,3,4,1,3,3,3,2,3,3
5A2-2804-09,28/04/2026 9:36:27,Grupo 5,09,A,5,2,3,4,3,1,5,4,4,1,3,3
5A2-2804-09,28/04/2026 9:36:28,Grupo 5,09,A,5,2,2,3,4,1,4,3,3,1,4,3
5A2-2804-09,28/04/2026 9:36:29,Grupo 5,09,A,5,2,3,3,4,1,4,4,5,2,5,4
5A2-2804-09,28/04/2026 9:37:26,Grupo 5,09,A,5,2,3,3,3,1,3,3,3,2,5,3
5A2-2804-09,28/04/2026 9:38:03,Grupo 5,09,A,5,2,3,4,3,1,5,3,4,1,3,3
5A2-2804-09,28/04/2026 9:38:05,Grupo 5,09,A,5,2,3,3,3,1,4,3,4,2,4,4
5A2-2804-09,28/04/2026 9:38:32,Grupo 5,09,A,5,2,3,3,2,1,3,3,3,1,4,3
5A1-2804-13,28/04/2026 13:04:26,Grupo 5,13,A,5,1,4,2,3,2,2,3,4,2,4,4
5A1-2804-13,28/04/2026 13:05:52,Grupo 5,13,A,5,1,4,3,3,2,3,3,3,1,3,3
5A2-2804-13,28/04/2026 13:06:40,Grupo 5,13,A,5,2,3,5,4,3,5,4,5,1,5,5
5A1-2804-13,28/04/2026 13:07:47,Grupo 5,13,A,5,1,4,2,3,1,3,3,3,2,3,3
5A1-2804-13,28/04/2026 13:07:47,Grupo 5,13,A,5,1,4,3,3,2,4,3,4,2,4,4
5A1-2804-13,28/04/2026 13:10:48,Grupo 5,13,A,5,1,3,3,3,2,3,3,4,2,4,3
5A1-2804-13,28/04/2026 13:10:56,Grupo 5,13,A,5,1,3,3,2,1,3,2,3,1,4,4
5A1-2804-13,28/04/2026 13:14:07,Grupo 5,13,A,5,1,4,2,3,2,3,3,4,2,5,5
5A1-2804-13,28/04/2026 13:17:39,Grupo 5,13,A,5,1,4,2,3,2,3,3,3,2,4,4
5A2-2804-13,28/04/2026 13:23:42,Grupo 5,13,A,5,2,2,3,3,2,3,3,3,2,4,4
5A1-2804-13,28/04/2026 13:24:45,Grupo 5,13,A,5,1,4,3,4,2,3,4,3,2,4,3
5A1-2804-13,28/04/2026 13:25:23,Grupo 5,13,A,5,1,4,4,4,3,5,5,3,3,4,4
5A1-2804-13,28/04/2026 13:25:50,Grupo 5,13,A,5,1,3,3,2,2,3,3,3,2,2,3
5A2-2804-13,28/04/2026 13:26:22,Grupo 5,13,A,5,2,3,3,3,2,3,3,3,2,4,4
5A2-2804-13,28/04/2026 13:28:30,Grupo 5,13,A,5,2,2,4,4,2,4,3,3,1,4,4
5A2-2804-13,28/04/2026 13:30:08,Grupo 5,13,A,5,2,2,3,4,2,3,3,3,1,3,3
5A1-2804-13,28/04/2026 13:31:40,Grupo 5,13,A,5,1,4,2,2,2,3,3,4,2,4,4
5A2-2804-13,28/04/2026 13:32:05,Grupo 5,13,A,5,2,3,3,4,2,3,3,3,1,3,3
5A1-2804-13,28/04/2026 13:33:05,Grupo 5,13,A,5,1,4,3,3,2,4,3,4,2,5,4
5A1-2804-13,28/04/2026 13:33:13,Grupo 5,13,A,5,1,4,3,3,2,4,3,3,2,4,3
5A2-2804-13,28/04/2026 13:37:25,Grupo 5,13,A,5,2,3,2,3,2,4,3,2,1,3,3
5A2-2804-13,28/04/2026 13:38:44,Grupo 5,13,A,5,2,2,2,4,2,3,3,3,1,3,3
5A2-2804-13,28/04/2026 13:40:19,Grupo 5,13,A,5,2,2,3,4,2,3,3,3,1,3,4
5A2-2804-13,28/04/2026 13:40:45,Grupo 5,13,A,5,2,2,3,3,2,4,3,4,1,4,4
5A2-2804-13,28/04/2026 13:41:06,Grupo 5,13,A,5,2,2,3,4,2,3,3,4,2,4,4
5A2-2804-13,28/04/2026 13:41:53,Grupo 5,13,A,5,2,2,3,4,2,4,3,2,1,3,3
5A2-2804-13,28/04/2026 13:41:54,Grupo 5,13,A,5,2,3,3,3,2,3,4,4,2,3,3
5A2-2804-13,28/04/2026 13:43:58,Grupo 5,13,A,5,2,3,2,3,2,4,3,3,1,4,3
5A1-2804-18,28/04/2026 18:03:12,Grupo 5,18,A,5,1,4,3,3,2,4,2,3,2,3,3
5A1-2804-18,28/04/2026 18:03:12,Grupo 5,18,A,5,1,4,3,2,2,4,3,4,2,4,4
5A1-2804-18,28/04/2026 18:05:04,Grupo 5,18,A,5,1,4,2,3,3,4,3,3,2,4,3
5A1-2804-18,28/04/2026 18:05:10,Grupo 5,18,A,5,1,4,3,2,2,4,3,3,1,4,4
5A2-2804-18,28/04/2026 18:06:21,Grupo 5,18,A,5,2,3,3,3,2,3,4,3,2,4,3
5A1-2804-18,28/04/2026 18:06:59,Grupo 5,18,A,5,1,4,3,3,2,3,3,2,1,3,3
5A1-2804-18,28/04/2026 18:07:00,Grupo 5,18,A,5,1,3,2,3,2,4,3,3,1,4,3
5A2-2804-18,28/04/2026 18:07:30,Grupo 5,18,A,5,2,2,4,4,2,3,4,3,2,3,3
5A2-2804-18,28/04/2026 18:08:37,Grupo 5,18,A,5,2,3,4,4,2,3,3,4,1,2,3
5A1-2804-18,28/04/2026 18:08:44,Grupo 5,18,A,5,1,3,3,3,2,4,3,4,2,4,4
5A1-2804-18,28/04/2026 18:09:49,Grupo 5,18,A,5,1,3,2,2,2,3,3,3,1,3,3
5A2-2804-18,28/04/2026 18:09:57,Grupo 5,18,A,5,2,3,3,3,2,3,3,3,2,3,3
5A2-2804-18,28/04/2026 18:10:25,Grupo 5,18,A,5,2,3,3,3,2,3,3,3,2,3,3
5A1-2804-18,28/04/2026 18:10:50,Grupo 5,18,A,5,1,4,3,3,2,4,3,4,2,4,4
5A2-2804-18,28/04/2026 18:11:02,Grupo 5,18,A,5,2,3,3,3,2,3,3,3,2,3,3
5A1-2804-18,28/04/2026 18:11:16,Grupo 5,18,A,5,1,4,2,3,2,4,3,3,2,4,3
5A2-2804-18,28/04/2026 18:11:39,Grupo 5,18,A,5,2,3,3,3,2,3,3,3,2,3,3
5A1-2804-18,28/04/2026 18:12:04,Grupo 5,18,A,5,1,3,3,3,2,3,3,3,2,3,3
5A1-2804-18,28/04/2026 18:12:29,Grupo 5,18,A,5,1,4,3,3,3,3,3,2,1,3,3
5A2-2804-18,28/04/2026 18:13:05,Grupo 5,18,A,5,2,2,2,4,3,2,3,2,1,2,2
5A1-2804-18,28/04/2026 18:14:20,Grupo 5,18,A,5,1,4,3,3,2,4,3,4,2,4,4
5A2-2804-18,28/04/2026 18:14:37,Grupo 5,18,A,5,2,3,4,4,2,4,4,4,2,4,5
5A2-2804-18,28/04/2026 18:15:17,Grupo 5,18,A,5,2,3,3,3,2,3,3,3,2,3,3
5A1-2804-18,28/04/2026 18:16:04,Grupo 5,18,A,5,1,3,3,2,3,3,2,2,1,3,3
5A2-2804-18,28/04/2026 18:16:19,Grupo 5,18,A,5,2,3,3,4,2,2,3,3,1,3,3
5A2-2804-18,28/04/2026 18:17:04,Grupo 5,18,A,5,2,3,3,4,2,3,3,3,1,3,3
5A2-2804-18,28/04/2026 18:17:34,Grupo 5,18,A,5,2,2,2,3,2,3,3,4,1,4,3
5A2-2804-18,28/04/2026 18:17:52,Grupo 5,18,A,5,2,2,3,4,2,3,4,3,1,3,3
1B3-2904-09,29/04/2026 8:17:35,Grupo 5,09,B,1,3,3,3,3,2,3,3,3,2,3,3
1B2-2904-09,29/04/2026 9:04:22,Grupo 5,09,B,1,2,5,1,1,2,3,1,2,2,3,2
1B2-2904-09,29/04/2026 9:04:24,Grupo 5,09,B,1,2,5,1,2,2,4,1,3,2,3,3
1B2-2904-09,29/04/2026 9:05:50,Grupo 5,09,B,1,2,5,2,1,2,3,2,3,2,2,2
1B2-2904-09,29/04/2026 9:05:50,Grupo 5,09,B,1,2,5,1,1,2,3,1,3,2,2,2
1B2-2904-09,29/04/2026 9:06:57,Grupo 5,09,B,1,2,5,2,1,1,3,2,2,1,3,2
1B2-2904-09,29/04/2026 9:12:36,Grupo 5,09,B,1,2,5,1,1,1,3,1,2,1,1,1
1B2-2904-09,29/04/2026 9:29:58,Grupo 5,09,B,1,2,4,1,2,2,4,2,3,1,3,3
1B2-2904-09,29/04/2026 9:30:28,Grupo 5,09,B,1,2,5,3,3,2,3,2,3,2,3,3
1B2-2904-09,29/04/2026 9:32:43,Grupo 5,09,B,1,2,4,1,2,2,3,1,3,1,3,3
1B2-2904-09,29/04/2026 9:33:11,Grupo 5,09,B,1,2,5,1,3,2,3,1,3,1,3,2
1B2-2904-13,29/04/2026 13:20:46,Grupo 5,13,B,1,2,5,5,3,3,3,2,3,2,3,3
1B2-2904-13,29/04/2026 13:21:29,Grupo 5,13,B,1,2,5,5,3,3,2,2,3,2,3,3
1B2-2904-13,29/04/2026 13:23:12,Grupo 5,13,B,1,2,5,5,3,2,3,3,3,2,3,4
1B2-2904-13,29/04/2026 13:23:57,Grupo 5,13,B,1,2,3,4,4,2,3,3,3,3,3,3
1B2-2904-13,29/04/2026 13:24:30,Grupo 5,13,B,1,2,4,4,4,2,3,3,3,1,3,3
1B2-2904-13,29/04/2026 13:25:28,Grupo 5,13,B,1,2,5,3,3,2,4,2,4,3,4,4
1B3-2904-13,29/04/2026 13:28:31,Grupo 5,13,B,1,3,5,5,5,3,5,5,5,2,4,4
1B2-2904-13,29/04/2026 13:29:24,Grupo 5,13,B,1,2,4,4,4,3,4,4,4,3,3,4
1B2-2904-13,29/04/2026 13:30:11,Grupo 5,13,B,1,2,4,5,4,2,3,2,2,1,3,4
1B2-2904-13,29/04/2026 13:34:45,Grupo 5,13,B,1,2,4,4,3,2,4,3,3,2,4,3
1B2-2904-13,29/04/2026 13:37:18,Grupo 5,13,B,1,2,4,3,3,2,3,2,2,3,3,3
1B2-2904-18,29/04/2026 17:44:20,Grupo 5,18,B,1,2,4,3,3,2,4,2,3,2,3,3
1B2-2904-18,29/04/2026 17:45:08,Grupo 5,18,B,1,2,3,3,3,2,3,3,3,1,4,4
1B2-2904-18,29/04/2026 17:45:45,Grupo 5,18,B,1,2,3,3,3,1,3,2,4,2,4,4
1B2-2904-18,29/04/2026 17:46:47,Grupo 5,18,B,1,2,3,2,3,2,3,3,3,2,4,4
1B2-2904-18,29/04/2026 17:47:21,Grupo 5,18,B,1,2,4,3,3,2,3,3,4,3,4,3
1B2-2904-18,29/04/2026 17:48:53,Grupo 5,18,B,1,2,3,3,3,2,3,3,3,2,3,3
1B2-2904-18,29/04/2026 17:49:39,Grupo 5,18,B,1,2,5,3,3,2,3,3,3,2,3,3
1B2-2904-18,29/04/2026 17:50:20,Grupo 5,18,B,1,2,4,3,3,2,3,3,3,2,4,3
1B2-2904-13,29/04/2026 17:51:22,Grupo 5,13,B,1,2,3,3,3,2,3,3,3,2,3,3
1B2-2904-18,29/04/2026 17:52:19,Grupo 5,18,B,1,2,5,4,3,2,3,3,4,1,3,3
1B2-2904-18,29/04/2026 17:53:48,Grupo 5,18,B,1,2,3,3,3,2,3,3,3,2,3,3
1B2-2904-18,29/04/2026 17:55:46,Grupo 5,18,B,1,2,5,3,3,2,3,3,3,2,3,3
1B3-3004-09,30/04/2026 9:15:48,Grupo 5,09,B,1,3,5,4,3,2,3,3,3,2,3,3
1B1-3004-09,30/04/2026 9:16:54,Grupo 5,09,B,1,1,5,4,3,2,4,3,3,3,4,3
1B3-3004-09,30/04/2026 9:17:47,Grupo 5,09,B,1,3,4,4,3,2,3,3,4,2,3,3
1B3-3004-09,30/04/2026 9:18:36,Grupo 5,09,B,1,3,4,4,3,3,3,4,4,3,4,3
1B3-3004-09,30/04/2026 9:19:16,Grupo 5,09,B,1,3,4,3,5,2,3,3,4,2,3,3
1B3-3004-09,30/04/2026 9:20:08,Grupo 5,09,B,1,3,3,4,5,2,3,3,4,2,4,3
1B3-3004-09,30/04/2026 9:20:49,Grupo 5,09,B,1,3,3,4,4,2,4,3,4,3,3,3
1B3-3004-09,30/04/2026 9:22:02,Grupo 5,09,B,1,3,4,3,3,2,3,4,4,2,4,3
1B3-3004-09,30/04/2026 9:23:34,Grupo 5,09,B,1,3,4,3,3,2,4,3,3,2,4,3
1B3-3004-09,30/04/2026 9:27:00,Grupo 5,09,B,1,3,3,3,3,2,4,4,3,2,4,3
1B3-3004-09,30/04/2026 9:29:27,Grupo 5,09,B,1,3,3,4,3,2,3,3,3,3,3,3
1B3-3004-09,30/04/2026 9:30:18,Grupo 5,09,B,1,3,4,4,4,2,4,3,3,2,3,3
1B1-3004-09,30/04/2026 9:49:23,Grupo 5,09,B,1,1,3,5,3,1,4,2,2,1,2,2
1B1-3004-09,30/04/2026 9:51:28,Grupo 5,09,B,1,1,2,5,3,2,4,2,3,2,3,3
1B1-3004-09,30/04/2026 9:53:45,Grupo 5,09,B,1,1,3,5,2,2,4,2,3,2,3,3
1B1-3004-09,30/04/2026 10:25:32,Grupo 5,09,B,1,1,3,4,2,1,4,2,2,1,2,2
1B1-3004-09,30/04/2026 10:27:26,Grupo 5,09,B,1,1,4,4,3,1,4,3,3,2,3,3
1B1-3004-09,30/04/2026 10:29:15,Grupo 5,09,B,1,1,3,5,3,1,4,2,2,1,2,2
1B1-3004-09,30/04/2026 10:31:16,Grupo 5,09,B,1,1,4,4,3,1,4,3,3,2,3,3
1B1-3004-09,30/04/2026 10:34:07,Grupo 5,09,B,1,1,4,5,2,1,4,3,3,2,2,2
1B1-3004-09,30/04/2026 10:36:11,Grupo 5,09,B,1,1,3,4,3,2,4,3,3,2,3,3
1B1-3004-09,30/04/2026 10:39:07,Grupo 5,09,B,1,1,3,4,2,1,4,3,3,1,2,2
4A2-3004-13,30/04/2026 12:19:32,Grupo 5,13,A,4,2,2,5,5,2,5,5,4,3,5,5
1B3-3004-13,30/04/2026 13:26:14,Grupo 5,13,B,1,3,4,4,3,2,2,2,5,2,4,3
1B3-3004-13,30/04/2026 13:26:51,Grupo 5,13,B,1,3,5,2,3,3,5,4,5,2,4,4
1B3-3004-13,30/04/2026 13:28:18,Grupo 5,13,B,1,3,3,3,4,2,4,2,3,2,3,3
1B3-3004-13,30/04/2026 13:28:29,Grupo 5,13,B,1,3,5,4,4,2,4,3,4,2,2,3
1B1-3004-13,30/04/2026 13:28:49,Grupo 5,13,B,1,1,3,3,2,2,3,3,3,3,3,3
1B3-3004-13,30/04/2026 13:29:34,Grupo 5,13,B,1,3,5,3,5,3,5,3,3,2,2,2
6A3-3004-09,30/04/2026 13:30:39,Grupo 5,09,A,6,3,3,3,3,2,3,3,3,2,3,3
1B3-3004-13,30/04/2026 13:35:59,Grupo 5,13,B,1,3,4,4,3,3,4,2,3,2,3,2
5B2-3004-13,30/04/2026 13:36:06,Grupo 5,13,B,5,2,3,4,3,2,4,4,3,2,4,3
1B3-3004-13,30/04/2026 13:36:34,Grupo 5,13,B,1,3,4,4,3,2,4,2,4,2,3,3
1B3-3004-13,30/04/2026 13:38:36,Grupo 5,13,B,1,3,4,4,3,2,3,2,1,3,3,3
1B3-3004-13,30/04/2026 13:43:56,Grupo 5,13,B,1,3,4,4,3,2,3,2,3,1,2,2
1B1-3004-09,30/04/2026 15:05:03,Grupo 5,09,B,1,1,4,4,2,1,4,3,3,1,2,2
1B1-3004-09,30/04/2026 15:06:18,Grupo 5,09,B,1,1,4,4,2,1,5,3,3,1,2,2
1B1-3004-09,30/04/2026 15:08:06,Grupo 5,09,B,1,1,4,4,3,1,5,4,3,2,2,2
1B1-3004-09,30/04/2026 15:10:36,Grupo 5,09,B,1,1,4,5,3,1,5,3,3,2,4,2
1B1-3004-13,30/04/2026 15:13:45,Grupo 5,13,B,1,1,3,4,4,2,4,2,2,3,2,1
1B1-3004-13,30/04/2026 15:15:00,Grupo 5,13,B,1,1,3,4,3,2,3,2,2,2,2,1
1B1-3004-13,30/04/2026 15:16:30,Grupo 5,13,B,1,1,3,4,4,2,3,2,3,3,2,1
1B1-3004-13,30/04/2026 15:19:07,Grupo 5,13,B,1,1,2,4,4,2,3,2,3,2,1,1
1B1-3004-13,30/04/2026 15:21:00,Grupo 5,13,B,1,1,3,4,4,2,3,2,2,3,1,1
1B1-3004-13,30/04/2026 15:22:16,Grupo 5,13,B,1,1,2,3,4,2,3,2,3,2,2,1
1B1-3004-13,30/04/2026 15:23:36,Grupo 5,13,B,1,1,3,5,4,2,4,3,3,3,2,2
1B1-3004-13,30/04/2026 15:25:09,Grupo 5,13,B,1,1,3,3,3,2,3,2,1,2,1,1
1B1-3004-13,30/04/2026 15:26:33,Grupo 5,13,B,1,1,2,4,4,1,4,2,1,2,2,2
1B1-3004-13,30/04/2026 15:27:45,Grupo 5,13,B,1,1,3,3,3,2,3,2,1,2,1,1
1B1-3004-13,30/04/2026 15:28:54,Grupo 5,13,B,1,1,2,3,4,2,3,2,1,1,1,1
1B1-3004-13,30/04/2026 15:30:10,Grupo 5,13,B,1,1,3,3,3,2,3,3,2,2,2,1
1B1-3004-13,30/04/2026 15:31:48,Grupo 5,13,B,1,1,3,4,3,2,3,1,1,2,1,1
1B1-3004-13,30/04/2026 15:34:19,Grupo 5,13,B,1,1,3,4,3,2,4,2,1,2,2,1
1B1-3004-13,30/04/2026 15:35:46,Grupo 5,13,B,1,1,4,4,3,2,4,3,3,3,3,1
1B3-3004-13,30/04/2026 16:18:10,Grupo 5,13,B,1,3,5,4,3,2,4,3,4,2,3,4
1B1-3004-18,30/04/2026 17:59:00,Grupo 5,18,B,1,1,4,3,2,2,3,2,3,1,2,3
1B1-3004-18,30/04/2026 18:28:05,Grupo 5,18,B,1,1,5,5,4,1,3,1,4,3,4,2
1B1-3004-18,30/04/2026 18:30:04,Grupo 5,18,B,1,1,5,3,4,2,3,1,4,2,3,3
1B3-3004-09,30/04/2026 18:34:58,Grupo 5,09,B,1,3,5,5,3,2,2,1,2,2,1,1
1B1-3004-18,30/04/2026 18:35:08,Grupo 5,18,B,1,1,5,5,2,2,5,4,4,1,3,3
1B3-3004-13,30/04/2026 18:36:32,Grupo 5,13,B,1,3,3,3,2,1,3,3,4,1,3,3
1B3-3004-18,30/04/2026 18:37:07,Grupo 5,18,B,1,3,4,4,4,3,5,3,4,2,4,4
1B3-3004-18,30/04/2026 18:37:24,Grupo 5,18,B,1,3,5,4,4,2,4,1,3,1,3,3
1B3-3004-18,30/04/2026 18:37:58,Grupo 5,18,B,1,3,5,5,3,2,5,2,4,2,3,3
1S1-3004-18,30/04/2026 18:38:08,Grupo 5,18,S,1,1,5,5,5,3,5,5,5,3,5,5
1B3-3004-18,30/04/2026 18:38:47,Grupo 5,18,B,1,3,5,5,2,1,4,2,2,2,1,1
1B3-3004-18,30/04/2026 18:39:25,Grupo 5,18,B,1,3,5,4,3,1,3,1,2,2,3,3
1B3-3004-18,30/04/2026 18:40:15,Grupo 5,18,B,1,3,5,4,2,1,5,3,4,2,3,4
1B3-3004-18,30/04/2026 18:41:26,Grupo 5,18,B,1,3,3,4,2,2,3,1,3,2,3,3
1B3-3004-18,30/04/2026 18:42:05,Grupo 5,18,B,1,3,5,3,2,2,1,5,3,2,2,2
1S1-3004-18,30/04/2026 18:42:57,Grupo 5,18,S,1,1,4,5,2,1,4,3,4,2,3,3
1B3-3004-18,30/04/2026 18:43:34,Grupo 5,18,B,1,3,4,4,3,2,3,3,3,2,3,3
1B3-3004-18,30/04/2026 18:43:43,Grupo 5,18,B,1,3,5,5,3,2,4,3,4,3,2,3
1B1-3004-18,30/04/2026 18:44:09,Grupo 5,18,B,1,1,5,4,3,2,4,2,2,3,2,2
10A2-2704-09,27/04/2026 9:14:17,Grupo 6,09,A,10,2,5,5,5,2,4,3,5,2,4,4
10A1-2704-09,27/04/2026 9:14:36,Grupo 6,09,A,10,1,4,5,4,3,5,5,4,2,3,3
10A2-2704-09,27/04/2026 9:15:49,Grupo 6,09,A,10,2,5,5,5,2,5,5,5,2,1,3
10A2-2704-09,27/04/2026 9:16:57,Grupo 6,09,A,10,2,3,4,4,3,4,2,3,1,2,4
10A1-2704-09,27/04/2026 9:18:09,Grupo 6,09,A,10,1,3,5,4,3,5,3,3,3,4,4
11A2-2704-09,27/04/2026 9:19:35,Grupo 6,09,A,11,2,5,5,4,2,3,1,3,3,3,4
11A1-2704-09,27/04/2026 9:20:54,Grupo 6,09,A,11,1,4,5,3,3,1,2,3,2,1,2
11A2-2704-09,27/04/2026 9:20:56,Grupo 6,09,A,11,2,1,1,1,3,1,1,1,3,1,1
11A2-2704-09,27/04/2026 9:20:58,Grupo 6,09,A,11,2,4,3,3,2,4,2,2,2,2,1
11A1-2704-09,27/04/2026 9:25:35,Grupo 6,09,A,11,1,4,4,4,2,4,3,4,2,2,2
11A1-2704-09,27/04/2026 9:27:22,Grupo 6,09,A,11,1,5,4,3,2,4,3,4,2,4,3
11A1-2704-09,27/04/2026 9:27:54,Grupo 6,09,A,11,1,5,5,5,1,5,5,5,2,5,3
5B1-2704-09,27/04/2026 9:28:08,Grupo 6,09,B,5,1,5,5,5,3,4,4,3,3,4,3
11A1-2704-09,27/04/2026 9:28:20,Grupo 6,09,A,11,1,5,5,5,3,4,4,4,2,5,5
11A1-2704-09,27/04/2026 9:32:52,Grupo 6,09,A,11,1,5,4,3,3,4,3,3,3,3,3
11A1-2704-09,27/04/2026 9:33:19,Grupo 6,09,A,11,1,5,4,3,3,4,2,3,2,2,3
11A1-2704-13,27/04/2026 13:14:56,Grupo 6,13,A,11,1,4,5,3,3,3,1,2,2,4,3
11A1-2704-13,27/04/2026 13:17:17,Grupo 6,13,A,11,1,4,5,4,3,3,1,3,2,4,3
11A1-2704-13,27/04/2026 13:17:30,Grupo 6,13,A,11,1,5,4,5,2,4,2,3,2,3,3
11A1-2704-13,27/04/2026 13:19:50,Grupo 6,13,A,11,1,5,5,5,3,4,3,4,2,4,4
11A1-2704-13,27/04/2026 13:21:00,Grupo 6,13,A,11,1,5,5,4,3,3,1,2,1,1,2
11A1-2704-13,27/04/2026 13:22:50,Grupo 6,13,A,11,1,5,4,3,2,4,2,3,1,3,2
11A3-2704-13,27/04/2026 13:24:22,Grupo 6,13,A,11,3,5,3,5,2,3,3,5,3,5,5
11A3-2704-13,27/04/2026 13:24:40,Grupo 6,13,A,11,3,4,4,3,3,4,4,5,3,5,3
11A3-2704-13,27/04/2026 13:25:11,Grupo 6,13,A,11,3,5,4,5,3,4,1,3,2,1,1
11A3-2704-13,27/04/2026 13:25:24,Grupo 6,13,A,11,3,5,3,3,3,4,3,2,2,2,1
11A3-2704-13,27/04/2026 13:25:35,Grupo 6,13,A,11,3,5,5,3,3,4,3,3,2,1,1
11A3-2704-13,27/04/2026 13:25:35,Grupo 6,13,A,11,3,5,3,3,3,4,1,4,2,1,1
5A2-2704-18,27/04/2026 15:59:21,Grupo 6,18,A,5,2,5,5,5,2,5,4,5,1,5,5
5A1-2804-09,28/04/2026 9:40:02,Grupo 6,09,A,5,1,5,5,2,2,3,5,5,2,4,3
11A1-2804-09,28/04/2026 10:51:40,Grupo 6,09,A,11,1,4,4,3,2,4,3,3,2,2,2
11A2-2804-09,28/04/2026 11:39:08,Grupo 6,09,A,11,2,4,4,4,2,3,3,3,2,4,3
11A1-2804-13,28/04/2026 12:29:25,Grupo 6,13,A,11,1,5,5,2,2,4,2,3,3,2,1
11A2-2804-13,28/04/2026 13:01:18,Grupo 6,13,A,11,2,4,4,2,2,5,2,1,2,3,2
10A1-2804-13,28/04/2026 13:12:23,Grupo 6,13,A,10,1,5,4,3,2,5,3,3,2,3,3
10A1-2804-13,28/04/2026 13:20:17,Grupo 6,13,A,10,1,3,5,2,3,4,2,2,1,2,2
11A3-2804-13,28/04/2026 14:34:10,Grupo 6,13,A,11,3,4,4,2,2,4,3,2,2,3,2
10A1-2804-18,28/04/2026 18:17:09,Grupo 6,18,A,10,1,3,4,3,2,5,3,2,2,3,3
10A2-2804-18,28/04/2026 18:18:55,Grupo 6,18,A,10,2,4,3,2,2,4,2,5,2,2,3
10A2-2804-18,28/04/2026 18:26:19,Grupo 6,18,A,10,2,3,4,2,2,4,3,5,2,3,3
10A2-2804-18,28/04/2026 18:27:21,Grupo 6,18,A,10,2,4,5,2,2,4,4,5,2,3,3
10A1-2904-09,29/04/2026 9:18:27,Grupo 6,09,A,10,1,3,5,2,2,5,3,3,3,4,5
11A2-2904-09,29/04/2026 9:21:05,Grupo 6,09,A,11,2,5,3,2,3,4,1,4,2,3,3
10A1-2904-09,29/04/2026 9:23:48,Grupo 6,09,A,10,1,4,5,2,2,4,2,4,3,5,4
10A1-2904-09,29/04/2026 9:24:59,Grupo 6,09,A,10,1,4,5,3,2,5,4,5,2,5,5
10A1-2904-09,29/04/2026 9:32:12,Grupo 6,09,A,10,1,3,5,3,2,5,4,3,2,5,5
10A2-2904-09,29/04/2026 9:32:48,Grupo 6,09,A,10,2,3,3,3,2,4,3,3,2,3,3
11A2-2904-09,29/04/2026 9:32:49,Grupo 6,09,A,11,2,1,1,1,1,1,1,1,1,1,1
11A1-2904-09,29/04/2026 9:33:30,Grupo 6,09,A,11,1,3,3,3,3,3,3,3,3,3,3
11A1-2904-09,29/04/2026 9:34:41,Grupo 6,09,A,11,1,5,4,2,2,4,2,4,1,3,2
11A1-2904-09,29/04/2026 9:34:48,Grupo 6,09,A,11,1,5,5,4,3,4,1,4,1,2,3
10A2-2904-09,29/04/2026 9:40:06,Grupo 6,09,A,10,2,3,5,2,2,5,4,5,3,4,5
5B1-2904-09,29/04/2026 9:46:45,Grupo 6,09,B,5,1,4,4,4,2,4,4,4,2,4,4
11A2-2904-09,29/04/2026 9:46:55,Grupo 6,09,A,11,2,4,3,3,2,2,2,2,2,2,2
11A3-2904-09,29/04/2026 9:49:50,Grupo 6,09,A,11,3,5,5,3,2,3,3,3,3,3,2
11A2-2904-09,29/04/2026 9:51:44,Grupo 6,09,A,11,2,3,4,3,2,4,2,3,1,3,2
10A2-2904-09,29/04/2026 9:53:33,Grupo 6,09,A,10,2,3,3,3,2,4,1,3,2,3,3
11A2-2904-09,29/04/2026 9:55:31,Grupo 6,09,A,11,2,4,3,2,2,3,1,3,1,3,3
10A1-2904-09,29/04/2026 10:28:11,Grupo 6,09,A,10,1,3,3,3,2,5,3,4,2,3,3
10A1-2904-13,29/04/2026 13:03:33,Grupo 6,13,A,10,1,4,4,3,2,5,5,4,2,4,5
10A1-2904-13,29/04/2026 13:04:38,Grupo 6,13,A,10,1,4,4,3,2,5,4,3,2,4,4
10A1-2904-13,29/04/2026 13:05:31,Grupo 6,13,A,10,1,4,5,3,2,4,5,3,2,4,5
10A1-2904-13,29/04/2026 13:06:26,Grupo 6,13,A,10,1,3,5,3,2,5,4,4,2,4,4
10A1-2904-13,29/04/2026 13:07:34,Grupo 6,13,A,10,1,2,5,2,2,5,5,3,2,5,4
10A1-2904-13,29/04/2026 13:10:12,Grupo 6,13,A,10,1,3,5,2,2,5,5,4,2,5,5
10A1-2904-13,29/04/2026 13:11:24,Grupo 6,13,A,10,1,4,5,3,2,5,4,3,2,5,5
11A1-2904-13,29/04/2026 13:16:55,Grupo 6,13,A,11,1,3,3,4,3,2,1,3,3,1,1
11A1-2904-13,29/04/2026 13:17:46,Grupo 6,13,A,11,1,2,2,3,2,2,1,3,2,2,1
11A2-2904-13,29/04/2026 13:18:29,Grupo 6,13,A,11,2,3,4,5,2,4,2,4,2,1,1
11A1-2904-13,29/04/2026 13:19:17,Grupo 6,13,A,11,1,4,4,5,2,3,2,3,1,2,1
10A2-2904-13,29/04/2026 13:19:46,Grupo 6,13,A,10,2,3,4,3,2,5,3,4,2,3,3
11A1-2904-13,29/04/2026 13:20:10,Grupo 6,13,A,11,1,2,4,4,2,4,2,4,2,1,1
10A2-2904-13,29/04/2026 13:20:50,Grupo 6,13,A,10,2,3,5,3,2,5,3,4,2,3,3
11A1-2904-13,29/04/2026 13:21:21,Grupo 6,13,A,11,1,3,3,4,3,3,2,4,2,2,2
10A2-2904-13,29/04/2026 13:22:52,Grupo 6,13,A,10,2,3,4,2,2,5,4,4,2,4,4
11A2-2904-13,29/04/2026 13:23:25,Grupo 6,13,A,11,2,2,4,5,3,3,2,2,1,3,2
10A2-2904-13,29/04/2026 13:23:34,Grupo 6,13,A,10,2,3,4,3,2,5,3,4,2,4,4
11A2-2904-13,29/04/2026 13:24:30,Grupo 6,13,A,11,2,2,4,4,2,3,2,2,2,2,1
10A2-2904-13,29/04/2026 13:24:39,Grupo 6,13,A,10,2,3,5,3,2,5,3,4,2,4,5
11A2-2904-13,29/04/2026 13:25:09,Grupo 6,13,A,11,2,3,4,4,2,4,3,3,2,3,1
10A1-2904-13,29/04/2026 13:25:41,Grupo 6,13,A,10,1,4,3,3,2,5,3,3,2,4,5
10A2-2904-13,29/04/2026 13:40:43,Grupo 6,13,A,10,2,3,4,3,2,5,4,4,2,4,4
10A2-2904-13,29/04/2026 13:41:32,Grupo 6,13,A,10,2,3,4,3,2,4,3,3,2,3,4
11A1-2904-18,29/04/2026 17:59:34,Grupo 6,18,A,11,1,5,4,3,3,3,2,4,3,3,1
10A1-2904-18,29/04/2026 18:00:06,Grupo 6,18,A,10,1,3,4,3,2,5,1,3,1,3,3
11A1-2904-18,29/04/2026 18:01:14,Grupo 6,18,A,11,1,4,3,2,2,5,3,3,3,4,2
11A1-2904-18,29/04/2026 18:01:20,Grupo 6,18,A,11,1,3,4,3,3,2,1,2,2,3,1
10A2-2904-18,29/04/2026 18:02:17,Grupo 6,18,A,10,2,4,4,3,2,3,1,1,1,1,2
10A2-2904-18,29/04/2026 18:03:28,Grupo 6,18,A,10,2,5,5,2,3,5,3,4,1,4,5
10A1-2904-18,29/04/2026 18:04:08,Grupo 6,18,A,10,1,4,4,5,2,4,4,4,2,4,5
10A1-2904-18,29/04/2026 18:08:51,Grupo 6,18,A,10,1,4,4,3,2,5,5,5,3,4,5
11A1-2904-18,29/04/2026 18:09:37,Grupo 6,18,A,11,1,4,3,2,3,2,4,3,3,5,3
11A2-2904-13,29/04/2026 18:10:11,Grupo 6,13,A,11,2,3,2,5,2,2,5,3,2,2,2
11A3-2904-13,29/04/2026 18:11:31,Grupo 6,13,A,11,3,4,5,5,3,4,3,5,3,4,3
10A2-2904-18,29/04/2026 18:30:26,Grupo 6,18,A,10,2,4,5,3,2,4,4,4,1,3,4
10A2-2904-18,29/04/2026 18:30:49,Grupo 6,18,A,10,2,4,5,3,2,4,4,4,2,4,4
10A2-2904-18,29/04/2026 18:31:04,Grupo 6,18,A,10,2,5,5,2,3,4,1,4,2,3,3
11A1-3004-09,30/04/2026 17:59:49,Grupo 6,09,A,11,1,5,5,2,2,3,3,2,1,1,1
11A1-3004-18,30/04/2026 18:02:00,Grupo 6,18,A,11,1,4,4,3,2,4,4,4,2,4,4
11A1-3004-18,30/04/2026 18:04:33,Grupo 6,18,A,11,1,5,5,1,3,5,5,5,3,4,4
11A1-3004-18,30/04/2026 18:21:32,Grupo 6,18,A,11,1,4,5,2,2,4,5,4,2,2,2
11A1-3004-18,30/04/2026 18:23:38,Grupo 6,18,A,11,1,5,5,1,3,3,3,3,1,3,4
11A1-3004-18,30/04/2026 18:24:53,Grupo 6,18,A,11,1,5,5,3,3,4,5,4,2,3,3
10A1-3004-18,30/04/2026 18:26:07,Grupo 6,18,A,10,1,3,5,2,3,5,3,2,2,5,4
10A1-3004-18,30/04/2026 18:26:08,Grupo 6,18,A,10,1,2,4,3,2,5,4,3,2,4,5
11A2-3004-18,30/04/2026 18:27:28,Grupo 6,18,A,11,2,4,5,3,3,3,2,3,2,3,3
10A1-3004-18,30/04/2026 18:28:04,Grupo 6,18,A,10,1,3,4,2,2,5,3,2,2,4,5
10A1-3004-18,30/04/2026 18:28:05,Grupo 6,18,A,10,1,2,5,2,2,4,4,3,2,5,5
10A1-3004-18,30/04/2026 18:30:39,Grupo 6,18,A,10,1,3,4,2,2,5,4,4,3,5,5
10A1-3004-18,30/04/2026 18:30:42,Grupo 6,18,A,10,1,2,5,2,2,5,4,3,3,5,5
11A2-3004-18,30/04/2026 18:30:45,Grupo 6,18,A,11,2,5,5,3,3,5,4,2,3,4,4
11A2-3004-18,30/04/2026 18:31:36,Grupo 6,18,A,11,2,4,5,3,2,4,4,2,1,3,2
10A1-3004-18,30/04/2026 18:31:53,Grupo 6,18,A,10,1,3,5,3,2,5,4,3,3,5,5
11A2-3004-18,30/04/2026 18:32:55,Grupo 6,18,A,11,2,5,5,2,3,4,2,1,1,2,2
10A2-3004-18,30/04/2026 18:33:36,Grupo 6,18,A,10,2,3,2,2,2,5,3,4,3,3,4
10A2-3004-18,30/04/2026 18:33:37,Grupo 6,18,A,10,2,4,3,2,2,5,3,4,2,2,3
10A2-3004-18,30/04/2026 18:35:55,Grupo 6,18,A,10,2,3,3,3,2,5,3,4,3,3,3
10A2-3004-18,30/04/2026 18:35:55,Grupo 6,18,A,10,2,3,4,2,2,4,4,4,2,2,4
10A2-3004-18,30/04/2026 18:37:58,Grupo 6,18,A,10,2,3,4,2,2,5,5,2,1,3,4
10A2-3004-18,30/04/2026 18:37:59,Grupo 6,18,A,10,2,4,4,3,2,5,4,3,2,3,3
10A2-3004-18,30/04/2026 18:39:05,Grupo 6,18,A,10,2,3,4,2,2,5,2,3,2,4,4
10A2-3004-18,30/04/2026 18:39:06,Grupo 6,18,A,10,2,3,3,3,2,5,3,4,1,2,3
5B1-2704-09,27/04/2026 9:30:01,Grupo 7,09,B,5,1,5,4,4,3,4,3,2,3,4,3
8A3-2904-09,29/04/2026 9:02:19,Grupo 7,09,A,8,3,3,5,4,2,3,4,4,3,4,4
8A3-2904-09,29/04/2026 9:03:06,Grupo 7,09,A,8,3,4,5,4,2,4,5,5,2,4,4
8A3-2904-09,29/04/2026 9:04:06,Grupo 7,09,A,8,3,4,5,3,2,5,4,4,3,4,5
8A3-2904-09,29/04/2026 9:04:48,Grupo 7,09,A,8,3,3,4,3,2,5,4,4,3,4,3
8A3-2904-09,29/04/2026 9:05:29,Grupo 7,09,A,8,3,4,3,4,2,4,4,4,2,5,5
8A3-2904-09,29/04/2026 9:07:30,Grupo 7,09,A,8,3,4,3,5,2,4,3,3,3,4,5
8A3-2904-09,29/04/2026 9:27:49,Grupo 7,09,A,8,3,4,4,3,2,2,4,4,3,3,5
8A3-2904-09,29/04/2026 9:28:36,Grupo 7,09,A,8,3,3,4,2,2,4,4,3,2,4,3
8A3-2904-09,29/04/2026 9:29:40,Grupo 7,09,A,8,3,4,4,5,2,4,4,5,2,3,4
8A3-2904-09,29/04/2026 9:30:22,Grupo 7,09,A,8,3,3,4,4,2,3,4,2,2,4,5
8A3-2904-09,29/04/2026 9:30:56,Grupo 7,09,A,8,3,3,4,2,2,3,4,3,2,4,3
1B3-3004-09,30/04/2026 9:22:48,Grupo 7,09,B,1,3,5,3,3,2,4,4,4,2,4,3
8A3-0105-09,1/05/2026 9:48:42,Grupo 7,09,A,8,3,4,4,3,2,4,3,3,3,3,4
8A3-0105-09,1/05/2026 9:49:38,Grupo 7,09,A,8,3,4,4,3,3,4,4,4,2,3,3
8A3-0105-09,1/05/2026 9:50:27,Grupo 7,09,A,8,3,4,3,3,2,3,4,3,2,3,4
8A3-0105-09,1/05/2026 9:53:53,Grupo 7,09,A,8,3,4,3,3,1,3,4,4,2,3,3
8A3-0105-09,1/05/2026 9:54:29,Grupo 7,09,A,8,3,3,3,3,2,3,3,3,2,3,4
8A3-0105-09,1/05/2026 9:56:03,Grupo 7,09,A,8,3,3,4,1,2,3,4,4,1,4,5
8A3-0105-09,1/05/2026 9:56:42,Grupo 7,09,A,8,3,3,3,1,2,3,3,4,3,4,3
8A3-0105-09,1/05/2026 9:57:29,Grupo 7,09,A,8,3,4,3,4,2,3,4,3,2,4,4
8A3-0105-09,1/05/2026 9:58:12,Grupo 7,09,A,8,3,4,4,2,2,4,2,4,3,4,4
8A3-0105-09,1/05/2026 9:59:55,Grupo 7,09,A,8,3,3,3,3,2,4,3,2,3,1,1
8A3-0105-09,1/05/2026 10:00:22,Grupo 7,09,A,8,3,4,4,5,3,5,5,5,3,5,5
8A3-0105-09,1/05/2026 10:00:59,Grupo 7,09,A,8,3,3,4,5,3,4,4,4,2,5,4
8A3-0105-09,1/05/2026 10:01:47,Grupo 7,09,A,8,3,3,4,4,3,5,4,5,2,2,2
8A3-0105-09,1/05/2026 10:02:24,Grupo 7,09,A,8,3,3,3,4,3,4,4,4,2,4,4
8A3-0105-09,1/05/2026 10:02:54,Grupo 7,09,A,8,3,3,3,3,3,3,4,5,3,4,3
8A3-0105-09,1/05/2026 10:03:26,Grupo 7,09,A,8,3,4,4,4,3,5,4,4,3,4,4
8A3-0105-09,1/05/2026 10:04:30,Grupo 7,09,A,8,3,3,2,4,2,3,3,3,3,4,3
8A3-0105-09,1/05/2026 10:05:13,Grupo 7,09,A,8,3,4,4,2,3,4,4,4,3,4,4
5B1-2704-8,27/04/2026 9:30:22,Grupo 8,Grupo 8,B,5,1,5,5,3,2,4,4,4,3,4,3
3B1-2904-18,29/04/2026 18:30:54,Grupo 8,18,B,3,1,4,4,1,2,2,4,1,1,3,2
3B1-2904-18,29/04/2026 18:32:27,Grupo 8,18,B,3,1,4,3,3,2,3,4,3,1,3,2
1B3-3004-09,30/04/2026 9:45:15,Grupo 8,09,B,1,3,5,4,3,2,3,2,2,1,3,3
1S2-3004-09,30/04/2026 9:47:26,Grupo 8,09,S,1,2,3,3,3,2,3,2,2,2,2,3
1S2-3004-13,30/04/2026 13:04:33,Grupo 8,13,S,1,2,5,5,2,2,4,4,3,3,5,3
1B1-3004-13,30/04/2026 13:14:56,Grupo 8,13,B,1,1,4,3,4,1,5,3,5,2,4,3
1B3-3004-13,30/04/2026 13:18:05,Grupo 8,13,B,1,3,5,5,5,3,5,1,2,2,3,4
1S2-3004-13,30/04/2026 13:18:14,Grupo 8,13,S,1,2,4,4,3,2,4,3,3,2,3,4
1S2-3004-13,30/04/2026 13:20:44,Grupo 8,13,S,1,2,5,5,3,2,4,4,4,2,4,4
1S2-3004-13,30/04/2026 13:30:03,Grupo 8,13,S,1,2,3,5,3,2,4,4,3,3,3,2
1S2-3004-13,30/04/2026 13:31:31,Grupo 8,13,S,1,2,4,4,3,2,3,3,2,1,3,3
1S2-3004-13,30/04/2026 13:35:39,Grupo 8,13,S,1,2,5,5,3,3,5,5,3,2,4,3
1B3-3004-13,30/04/2026 13:37:53,Grupo 8,13,B,1,3,5,4,2,2,4,3,4,2,3,3
1S2-3004-13,30/04/2026 13:39:55,Grupo 8,13,S,1,2,4,4,3,2,4,2,2,1,3,3
1A5-3004-18,30/04/2026 17:59:21,Grupo 8,18,A,1,5,5,5,5,3,5,5,5,3,5,5
1S2-3004-18,30/04/2026 18:02:11,Grupo 8,18,S,1,2,3,5,3,2,3,4,5,2,3,3
1B3-3004-18,30/04/2026 18:02:58,Grupo 8,18,B,1,3,5,4,1,2,3,4,5,2,4,5
1S2-3004-18,30/04/2026 18:03:43,Grupo 8,18,S,1,2,4,5,4,1,3,5,5,3,5,5
1A4-3004-18,30/04/2026 18:14:33,Grupo 8,18,A,1,4,3,4,4,2,3,3,3,2,3,2
1S1-3004-18,30/04/2026 18:15:16,Grupo 8,18,S,1,1,3,4,3,2,4,2,3,2,2,2
1A5-3004-18,30/04/2026 18:15:30,Grupo 8,18,A,1,5,2,4,3,2,4,3,3,2,3,3
1S1-3004-18,30/04/2026 18:17:50,Grupo 8,18,S,1,1,5,5,5,3,5,5,5,3,5,5
1S1-3004-18,30/04/2026 18:17:59,Grupo 8,18,S,1,1,4,4,2,3,3,1,1,3,4,3
1S1-3004-18,30/04/2026 18:18:48,Grupo 8,18,S,1,1,5,4,5,1,3,3,3,3,2,1
1S1-3004-18,30/04/2026 18:20:35,Grupo 8,18,S,1,1,5,4,3,2,3,3,4,2,3,1
8A3-3004-18,30/04/2026 18:31:55,Grupo 8,18,A,8,3,5,5,4,3,5,5,5,3,2,5
2A1-3004-18,30/04/2026 18:32:53,Grupo 8,18,A,2,1,5,4,5,2,5,4,4,2,4,4
8A3-0105-09,1/05/2026 9:55:15,Grupo 8,09,A,8,3,4,3,4,2,4,3,4,2,4,3
8A3-0105-09,1/05/2026 10:04:00,Grupo 8,09,A,8,3,4,4,5,3,4,4,4,2,2,4
1S2-0105-13,1/05/2026 13:35:10,Grupo 8,13,S,1,2,3,5,3,2,4,2,2,1,3,3
5B1-2704-09,27/04/2026 9:30:53,Grupo 9,09,B,5,1,5,5,5,3,5,5,4,3,5,5
2B2-2904-13,29/04/2026 12:57:22,Grupo 9,13,B,2,2,3,5,2,2,4,3,4,2,5,5
2B1-2904-13,29/04/2026 12:59:18,Grupo 9,13,B,2,1,5,3,3,1,4,2,3,1,2,1
2B2-3004-13,30/04/2026 12:49:57,Grupo 9,13,B,2,2,4,5,2,2,4,3,2,1,3,2
2B1-3004-18,30/04/2026 17:57:50,Grupo 9,18,B,2,1,5,5,2,1,4,1,3,2,2,3
2B1-3004-18,30/04/2026 17:58:50,Grupo 9,18,B,2,1,5,5,3,2,4,1,3,2,4,3
2B1-3004-18,30/04/2026 17:59:06,Grupo 9,18,B,2,1,4,3,1,2,4,3,3,3,2,2
2B1-3004-18,30/04/2026 18:00:20,Grupo 9,18,B,2,1,5,2,1,1,5,3,4,2,2,3
2B1-3004-13,30/04/2026 18:02:28,Grupo 9,13,B,2,1,4,4,3,1,4,3,3,2,2,4
2A1-0105-13,1/05/2026 18:00:44,Grupo 3,13,A,2,1,3,3,3,2,4,3,3,2,3,3
8A1-0105-18,1/05/2026 18:51:30,Grupo 7,18,A,8,1,4,4,4,3,4,3,3,2,3,4
8A1-0105-18,1/05/2026 18:51:56,Grupo 7,18,A,8,1,3,3,3,3,2,4,3,2,3,3
8A1-0105-18,1/05/2026 18:52:28,Grupo 7,18,A,8,1,3,4,3,3,3,3,4,2,4,3
8A1-0105-18,1/05/2026 18:52:59,Grupo 7,18,A,8,1,4,3,4,2,3,3,4,2,5,4
8A1-0105-18,1/05/2026 18:53:26,Grupo 7,18,A,8,1,3,3,4,3,5,4,4,1,2,3
8A1-0105-18,1/05/2026 18:53:57,Grupo 7,18,A,8,1,3,3,1,2,2,3,3,2,3,3
8A1-0105-18,1/05/2026 18:54:24,Grupo 7,18,A,8,1,4,3,3,2,3,3,4,2,4,3
8A1-0105-18,1/05/2026 18:54:46,Grupo 7,18,A,8,1,4,3,4,2,4,4,3,3,3,3
8A1-0105-18,1/05/2026 18:55:11,Grupo 7,18,A,8,1,4,4,1,3,5,5,5,3,5,5
8A1-0105-18,1/05/2026 18:55:53,Grupo 7,18,A,8,1,1,4,4,2,3,3,2,1,3,5
8A1-0105-18,1/05/2026 18:56:18,Grupo 7,18,A,8,1,4,4,4,1,2,2,2,1,2,4
8A1-0105-18,1/05/2026 18:56:49,Grupo 7,18,A,8,1,3,3,4,2,3,3,3,2,2,2
8A1-0105-18,1/05/2026 18:57:18,Grupo 7,18,A,8,1,4,3,4,2,4,3,3,2,3,4
8A1-0105-18,1/05/2026 18:57:46,Grupo 7,18,A,8,1,3,4,3,2,3,3,3,2,3,4
8A1-0105-18,1/05/2026 18:58:12,Grupo 7,18,A,8,1,3,4,3,3,3,4,3,2,3,3
8A1-0105-18,1/05/2026 18:58:41,Grupo 7,18,A,8,1,3,3,3,2,4,4,4,2,3,3
8A1-0105-18,1/05/2026 18:59:13,Grupo 7,18,A,8,1,4,4,4,2,3,3,4,1,4,4
8A1-0105-18,1/05/2026 18:59:41,Grupo 7,18,A,8,1,4,4,3,3,3,2,3,1,3,3
8A1-0105-18,1/05/2026 19:00:05,Grupo 7,18,A,8,1,4,4,1,3,4,3,3,1,4,4
1S1-0205-09,2/05/2026 7:12:39,Grupo 8,09,S,1,1,5,5,2,2,5,5,5,3,5,3
3B1-0205-18,2/05/2026 18:04:57,Grupo 8,18,B,3,1,4,4,3,2,3,2,3,1,2,3
3B2-0205-18,2/05/2026 18:14:38,Grupo 8,18,B,3,2,5,1,1,2,3,2,1,2,2,1
10A1-0405-09,4/05/2026 9:23:03,Grupo 6,09,A,10,1,4,3,2,2,4,3,3,1,3,3
10A1-0405-09,4/05/2026 9:24:34,Grupo 6,09,A,10,1,4,4,3,2,4,2,4,2,3,4
10A1-0405-09,4/05/2026 9:26:21,Grupo 6,09,A,10,1,3,3,2,2,3,3,3,3,3,3
10A1-0405-09,4/05/2026 9:28:53,Grupo 6,09,A,10,1,5,5,2,2,4,3,4,1,3,4
10A1-0405-09,4/05/2026 9:30:50,Grupo 6,09,A,10,1,4,3,3,2,4,3,3,3,4,4
10A1-0405-09,4/05/2026 9:32:05,Grupo 6,09,A,10,1,3,5,2,2,4,3,3,1,4,4
10A1-0405-09,4/05/2026 9:33:26,Grupo 6,09,A,10,1,4,3,3,2,4,3,4,3,5,5
10A2-0405-09,4/05/2026 9:36:18,Grupo 6,09,A,10,2,3,3,2,2,3,2,2,2,3,3
10A2-0405-09,4/05/2026 9:38:15,Grupo 6,09,A,10,2,3,3,2,2,3,2,4,3,3,3
10A2-0405-09,4/05/2026 9:39:38,Grupo 6,09,A,10,2,4,4,3,2,4,3,4,1,4,3
10A2-0405-09,4/05/2026 9:41:13,Grupo 6,09,A,10,2,4,4,3,2,4,2,2,2,2,2
10A2-0405-09,4/05/2026 9:45:18,Grupo 6,09,A,10,2,4,4,2,1,3,2,3,2,3,3
11A1-0405-09,4/05/2026 9:45:40,Grupo 6,09,A,11,1,3,4,2,2,3,1,2,2,2,2
10A2-0405-09,4/05/2026 9:46:36,Grupo 6,09,A,10,2,3,3,3,1,3,2,3,2,3,3
11A1-0405-09,4/05/2026 9:46:46,Grupo 6,09,A,11,1,2,3,1,2,3,1,1,1,2,1
11A1-0405-09,4/05/2026 9:47:33,Grupo 6,09,A,11,1,2,4,2,2,3,2,3,2,2,2
10A2-0405-09,4/05/2026 9:48:07,Grupo 6,09,A,10,2,4,4,2,1,4,2,3,3,4,2
11A1-0405-09,4/05/2026 9:48:41,Grupo 6,09,A,11,1,3,4,2,2,2,3,3,3,2,3
11A1-0405-09,4/05/2026 9:49:38,Grupo 6,09,A,11,1,3,3,3,2,2,2,2,1,2,2
10A2-0405-09,4/05/2026 9:49:42,Grupo 6,09,A,10,2,4,4,2,2,3,2,3,2,3,3
10A2-0405-09,4/05/2026 9:51:23,Grupo 6,09,A,10,2,3,2,2,2,4,2,4,3,5,4
10A2-0405-09,4/05/2026 9:53:00,Grupo 6,09,A,10,2,3,3,2,2,3,2,3,1,2,2
10A2-0405-09,4/05/2026 9:54:32,Grupo 6,09,A,10,2,4,2,2,2,4,2,4,2,5,4
10A2-0405-09,4/05/2026 9:56:12,Grupo 6,09,A,10,2,4,3,2,2,4,2,4,3,5,3
11A3-0405-13,4/05/2026 13:21:57,Grupo 6,13,A,11,3,3,3,4,3,2,2,2,1,1,1
11A3-0405-13,4/05/2026 13:22:43,Grupo 6,13,A,11,3,3,3,4,3,3,2,3,2,2,3
11A3-0405-13,4/05/2026 13:23:22,Grupo 6,13,A,11,3,2,3,4,3,2,2,3,2,3,3
11A3-0405-13,4/05/2026 13:23:49,Grupo 6,13,A,11,3,2,3,3,3,2,2,3,2,2,2
11A3-0405-13,4/05/2026 13:24:31,Grupo 6,13,A,11,3,2,3,5,3,2,1,1,2,1,1
11A3-0405-13,4/05/2026 13:25:01,Grupo 6,13,A,11,3,2,4,3,3,3,2,2,2,3,2
11A3-0405-13,4/05/2026 13:25:36,Grupo 6,13,A,11,3,3,4,4,3,3,3,2,2,3,3
11A3-0405-13,4/05/2026 13:26:20,Grupo 6,13,A,11,3,2,4,4,2,3,2,3,1,3,1
11A2-0405-13,4/05/2026 13:34:15,Grupo 6,13,A,11,2,3,4,5,3,2,3,3,2,2,3
11A2-0405-13,4/05/2026 13:34:46,Grupo 6,13,A,11,2,2,4,5,3,2,2,4,2,2,2
11A2-0405-13,4/05/2026 13:35:07,Grupo 6,13,A,11,2,2,3,4,3,2,1,2,1,2,1
11A2-0405-13,4/05/2026 13:35:13,Grupo 6,13,A,11,2,5,3,5,3,3,1,2,2,3,2
11A2-0405-13,4/05/2026 13:35:48,Grupo 6,13,A,11,2,3,3,3,2,3,3,3,2,3,3
11A2-0405-13,4/05/2026 13:36:18,Grupo 6,13,A,11,2,3,4,5,3,3,3,3,2,3,2
11A2-0405-13,4/05/2026 13:36:53,Grupo 6,13,A,11,2,4,2,4,2,3,1,3,3,3,3
11A2-0405-13,4/05/2026 13:36:55,Grupo 6,13,A,11,2,1,3,4,2,2,3,3,2,3,3
11A2-0405-13,4/05/2026 13:37:55,Grupo 6,13,A,11,2,3,4,5,3,3,1,3,2,2,2
11A2-0405-13,4/05/2026 13:37:56,Grupo 6,13,A,11,2,2,2,4,3,3,2,3,2,2,2
11A2-0405-13,4/05/2026 13:38:45,Grupo 6,13,A,11,2,4,3,3,3,3,2,3,2,3,3
11A2-0405-13,4/05/2026 13:40:55,Grupo 6,13,A,11,2,5,3,3,2,4,1,3,1,1,3
10A1-0405-13,4/05/2026 13:43:35,Grupo 6,13,A,10,1,5,5,2,2,2,3,4,3,3,5
11A2-0405-13,4/05/2026 13:43:40,Grupo 6,13,A,11,2,5,3,4,3,3,1,2,2,3,3
10A1-0405-13,4/05/2026 13:44:15,Grupo 6,13,A,10,1,3,3,4,3,4,4,4,2,3,5
10A1-0405-13,4/05/2026 13:44:50,Grupo 6,13,A,10,1,3,4,1,3,4,4,5,2,4,4
10A1-0405-13,4/05/2026 13:45:27,Grupo 6,13,A,10,1,4,5,2,1,5,4,2,3,3,3
11A2-0405-13,4/05/2026 13:45:35,Grupo 6,13,A,11,2,4,2,3,3,3,1,3,3,2,2
10A1-0405-13,4/05/2026 13:46:10,Grupo 6,13,A,10,1,4,5,1,3,4,2,4,3,5,5
10A1-0405-13,4/05/2026 13:46:49,Grupo 6,13,A,10,1,5,5,2,1,3,4,3,3,4,2
11A2-0405-13,4/05/2026 13:47:11,Grupo 6,13,A,11,2,5,3,4,3,3,1,3,2,3,3
10A1-0405-13,4/05/2026 13:47:21,Grupo 6,13,A,10,1,3,5,1,1,3,5,3,2,3,4
10A1-0405-13,4/05/2026 13:47:55,Grupo 6,13,A,10,1,3,4,1,2,4,5,4,3,4,5
10A1-0405-13,4/05/2026 13:48:31,Grupo 6,13,A,10,1,3,3,1,1,5,5,5,2,3,4
11A2-0405-13,4/05/2026 13:49:30,Grupo 6,13,A,11,2,5,4,5,3,3,1,2,2,2,2
11A2-0405-13,4/05/2026 13:50:55,Grupo 6,13,A,11,2,5,3,5,3,3,1,3,1,3,3
10A1-0405-18,4/05/2026 18:03:11,Grupo 6,18,A,10,1,4,5,4,3,4,4,3,3,3,4
10A1-0405-18,4/05/2026 18:04:00,Grupo 6,18,A,10,1,3,5,3,2,4,3,2,2,3,4
11A2-0405-18,4/05/2026 18:04:58,Grupo 6,18,A,11,2,3,5,2,2,4,5,3,3,4,4
10A1-0405-18,4/05/2026 18:06:27,Grupo 6,18,A,10,1,4,4,4,3,3,4,2,2,4,4
11A3-0405-18,4/05/2026 18:07:10,Grupo 6,18,A,11,3,5,5,2,2,4,2,4,3,4,3
10A1-0405-18,4/05/2026 18:07:54,Grupo 6,18,A,10,1,5,5,4,3,5,4,4,3,4,5
11A3-0405-18,4/05/2026 18:08:34,Grupo 6,18,A,11,3,5,4,2,1,3,2,3,2,2,3
10A1-0405-18,4/05/2026 18:11:37,Grupo 6,18,A,10,1,3,4,3,2,4,4,3,3,2,2
11A2-0405-18,4/05/2026 18:14:09,Grupo 6,18,A,11,2,5,4,2,2,4,2,4,3,3,3
11A2-0405-18,4/05/2026 18:15:15,Grupo 6,18,A,11,2,5,4,2,2,3,2,4,3,2,3
10A1-0405-18,4/05/2026 18:17:06,Grupo 6,18,A,10,1,4,5,4,3,5,4,5,3,5,5
11A2-0405-18,4/05/2026 18:18:12,Grupo 6,18,A,11,2,5,5,3,2,3,3,4,3,3,3
11A2-0405-18,4/05/2026 18:20:36,Grupo 6,18,A,11,2,5,5,3,2,4,2,5,3,4,3
10A1-0405-18,4/05/2026 18:21:46,Grupo 6,18,A,10,1,4,5,3,2,3,3,3,1,2,2
10A1-0405-18,4/05/2026 18:22:36,Grupo 6,18,A,10,1,4,4,3,3,4,3,3,1,3,3
10A2-0405-18,4/05/2026 18:26:56,Grupo 6,18,A,10,2,4,5,4,3,4,5,5,2,2,3
10A2-0405-18,4/05/2026 18:28:03,Grupo 6,18,A,10,2,3,4,4,2,4,5,5,2,4,4
10A2-0405-18,4/05/2026 18:28:44,Grupo 6,18,A,10,2,4,5,4,3,5,4,4,3,4,5
11A1-0405-18,4/05/2026 18:29:46,Grupo 6,18,A,11,1,3,3,5,3,2,1,3,2,2,2
10A2-0405-18,4/05/2026 18:30:12,Grupo 6,18,A,10,2,4,4,3,3,4,5,4,1,3,3
11A1-0405-18,4/05/2026 18:30:25,Grupo 6,18,A,11,1,1,3,5,2,2,2,2,2,3,2
10A2-0405-18,4/05/2026 18:30:51,Grupo 6,18,A,10,2,3,5,3,2,4,2,4,2,2,2
11A1-0405-18,4/05/2026 18:31:12,Grupo 6,18,A,11,1,3,4,4,3,1,3,2,1,3,4
11A1-0405-18,4/05/2026 18:31:56,Grupo 6,18,A,11,1,2,3,4,3,3,3,3,3,4,2
11A1-0405-18,4/05/2026 18:32:38,Grupo 6,18,A,11,1,3,2,5,2,4,2,1,2,3,1
10A2-0405-18,4/05/2026 18:32:46,Grupo 6,18,A,10,2,3,4,3,3,4,3,5,3,5,5
11A1-0405-18,4/05/2026 18:33:20,Grupo 6,18,A,11,1,2,2,4,3,2,2,2,1,1,2
10A2-0405-18,4/05/2026 18:33:33,Grupo 6,18,A,10,2,2,5,2,2,3,3,3,1,3,3
10A2-0405-18,4/05/2026 18:34:30,Grupo 6,18,A,10,2,5,5,5,3,5,5,5,3,5,5
10A2-0405-18,4/05/2026 18:35:07,Grupo 6,18,A,10,2,3,4,3,2,3,3,4,3,4,4
10A2-0405-18,4/05/2026 18:36:02,Grupo 6,18,A,10,2,4,3,4,2,4,4,5,3,4,5
10A2-0405-18,4/05/2026 18:36:46,Grupo 6,18,A,10,2,5,5,5,2,3,2,5,2,3,2
11A2-0505-09,5/05/2026 9:36:33,Grupo 6,09,A,11,2,4,5,4,3,4,4,4,2,4,3
11A2-0505-09,5/05/2026 9:37:11,Grupo 6,09,A,11,2,5,5,2,3,3,4,3,3,2,2
11A2-0505-09,5/05/2026 9:41:44,Grupo 6,09,A,11,2,4,5,2,2,4,5,5,3,4,4
11A2-0505-09,5/05/2026 9:42:26,Grupo 6,09,A,11,2,2,5,3,2,3,2,3,1,3,3
2A1-0505-09,5/05/2026 11:01:37,Grupo 3,09,A,2,1,3,4,3,2,3,5,3,2,3,3
2A2-0505-09,5/05/2026 11:14:37,Grupo 3,09,A,2,2,3,4,3,2,3,3,3,1,2,2
1S1-0505-13,5/05/2026 13:02:44,Grupo 8,13,S,1,1,5,4,5,3,4,3,5,3,4,3
1S1-0505-13,5/05/2026 13:03:42,Grupo 8,13,S,1,1,5,4,5,3,4,4,5,3,4,5
1S1-0505-13,5/05/2026 13:04:40,Grupo 8,13,S,1,1,5,5,4,3,3,5,5,3,5,2
1S1-0505-13,5/05/2026 13:05:30,Grupo 8,13,S,1,1,4,4,4,3,4,3,4,3,5,5
1S1-0505-13,5/05/2026 13:06:06,Grupo 8,13,S,1,1,5,5,5,3,5,5,5,3,5,4
1S2-0505-13,5/05/2026 13:07:33,Grupo 8,13,S,1,2,4,5,3,2,5,3,4,2,5,4
1S2-0505-13,5/05/2026 13:08:37,Grupo 8,13,S,1,2,3,3,4,3,5,3,4,1,3,4
1S2-0505-13,5/05/2026 13:09:29,Grupo 8,13,S,1,2,4,4,4,3,5,3,3,1,4,3
1S2-0505-13,5/05/2026 13:10:37,Grupo 8,13,S,1,2,4,4,5,3,5,5,5,2,5,5
1S2-0505-13,5/05/2026 13:11:28,Grupo 8,13,S,1,2,3,4,3,2,4,3,2,2,4,3
3B2-0505-13,5/05/2026 13:13:22,Grupo 8,13,B,3,2,4,3,3,3,4,4,4,2,4,5
3B2-0505-13,5/05/2026 13:13:54,Grupo 8,13,B,3,2,4,4,4,3,5,5,4,3,4,5
3B2-0505-13,5/05/2026 13:14:29,Grupo 8,13,B,3,2,4,3,4,3,4,4,3,3,4,3
3B2-0505-13,5/05/2026 13:15:00,Grupo 8,13,B,3,2,4,4,3,3,5,5,5,3,5,5
3B1-0505-13,5/05/2026 13:15:32,Grupo 8,13,B,3,1,4,4,3,3,5,5,4,3,5,4
11A3-0505-13,5/05/2026 13:25:54,Grupo 6,13,A,11,3,5,4,4,3,4,2,3,2,3,3
11A3-0505-13,5/05/2026 13:26:26,Grupo 6,13,A,11,3,5,4,4,3,4,4,4,3,4,3
11A3-0505-13,5/05/2026 13:27:14,Grupo 6,13,A,11,3,5,4,5,2,4,2,3,2,3,3
1S3-0505-18,5/05/2026 18:02:51,Grupo 8,18,S,1,3,4,4,3,3,5,4,5,2,5,5
1S3-0505-18,5/05/2026 18:03:44,Grupo 8,18,S,1,3,5,4,4,2,5,5,5,2,4,4
1S3-0505-18,5/05/2026 18:04:25,Grupo 8,18,S,1,3,4,3,5,3,4,4,4,3,5,5
1S3-0505-18,5/05/2026 18:05:02,Grupo 8,18,S,1,3,4,4,4,3,5,5,4,3,4,5
3B1-0505-18,5/05/2026 18:05:30,Grupo 8,18,B,3,1,3,4,4,2,4,3,3,1,1,1
1S3-0505-18,5/05/2026 18:05:34,Grupo 8,18,S,1,3,5,4,4,3,4,3,5,3,4,4
1S3-0505-18,5/05/2026 18:06:10,Grupo 8,18,S,1,3,4,4,5,3,4,5,5,3,5,4
1S3-0505-18,5/05/2026 18:06:57,Grupo 8,18,S,1,3,5,4,4,3,4,5,4,3,5,5
1S2-0505-18,5/05/2026 18:07:58,Grupo 8,18,S,1,2,4,5,4,3,5,4,5,3,5,5
3B2-0505-18,5/05/2026 18:08:16,Grupo 8,18,B,3,2,3,5,3,1,5,2,3,1,2,1
1S2-0505-18,5/05/2026 18:08:32,Grupo 8,18,S,1,2,5,4,5,3,4,5,4,3,4,4
1S2-0505-18,5/05/2026 18:09:04,Grupo 8,18,S,1,2,4,5,5,2,4,3,4,3,4,3
1S2-0505-18,5/05/2026 18:09:37,Grupo 8,18,S,1,2,4,4,3,3,4,5,5,3,4,4
1S2-0505-18,5/05/2026 18:10:05,Grupo 8,18,S,1,2,4,4,3,3,3,5,5,3,5,5
3B1-0505-18,5/05/2026 18:10:11,Grupo 8,18,B,3,1,2,4,2,2,2,2,4,1,2,2
1S2-0505-18,5/05/2026 18:10:33,Grupo 8,18,S,1,2,5,3,3,2,4,2,5,3,5,5
3B2-0505-18,5/05/2026 18:13:33,Grupo 8,18,B,3,2,4,5,5,2,4,5,5,3,4,5
3B1-0505-18,5/05/2026 18:13:54,Grupo 8,18,B,3,1,3,4,3,3,3,3,4,2,4,3
3B1-0505-18,5/05/2026 18:14:17,Grupo 8,18,B,3,1,5,4,4,3,4,5,5,3,5,4
3B2-0505-18,5/05/2026 18:15:10,Grupo 8,18,B,3,2,4,3,1,2,4,3,2,1,3,2
11A2-0505-18,5/05/2026 18:15:33,Grupo 6,18,A,11,2,5,4,3,2,1,2,3,3,4,5
11A2-0505-18,5/05/2026 18:15:33,Grupo 6,18,A,11,2,5,4,2,3,4,3,4,3,3,5
11A2-0505-18,5/05/2026 18:16:11,Grupo 6,18,A,11,2,4,1,5,2,4,3,3,1,5,3
11A2-0505-18,5/05/2026 18:16:40,Grupo 6,18,A,11,2,4,3,1,3,4,3,4,3,5,4
11A2-0505-18,5/05/2026 18:16:46,Grupo 6,18,A,11,2,5,4,5,3,4,5,4,3,5,5
11A2-0505-18,5/05/2026 18:17:21,Grupo 6,18,A,11,2,2,1,5,3,1,1,1,1,1,4
11A2-0505-18,5/05/2026 18:17:28,Grupo 6,18,A,11,2,4,5,4,3,4,4,5,3,4,3
11A2-0505-18,5/05/2026 18:18:10,Grupo 6,18,A,11,2,1,3,1,2,2,3,2,3,2,2
11A2-0505-18,5/05/2026 18:19:14,Grupo 6,18,A,11,2,2,5,5,3,5,5,5,3,5,5
11A3-0505-18,5/05/2026 18:25:25,Grupo 6,18,A,11,3,5,3,2,1,2,2,2,2,1,2
11A3-0505-18,5/05/2026 18:26:06,Grupo 6,18,A,11,3,4,4,2,1,1,1,1,1,3,2
10A1-0505-18,5/05/2026 18:28:17,Grupo 6,18,A,10,1,4,3,1,3,4,4,3,2,4,4
10A1-0505-18,5/05/2026 18:29:13,Grupo 6,18,A,10,1,3,5,1,2,5,5,5,1,3,3
10A1-0505-18,5/05/2026 18:29:55,Grupo 6,18,A,10,1,3,5,2,2,4,4,3,3,5,5
10A1-0505-18,5/05/2026 18:30:35,Grupo 6,18,A,10,1,3,5,2,3,5,3,4,3,3,3
10A1-0505-18,5/05/2026 18:31:15,Grupo 6,18,A,10,1,3,5,1,2,3,4,3,1,3,4
10A1-0505-18,5/05/2026 18:31:58,Grupo 6,18,A,10,1,4,4,1,3,3,2,4,2,3,5
10A1-0505-18,5/05/2026 18:32:36,Grupo 6,18,A,10,1,4,3,2,3,4,3,5,3,4,5
10A1-0505-18,5/05/2026 18:33:14,Grupo 6,18,A,10,1,3,4,1,2,4,3,4,2,3,4
10A1-0505-18,5/05/2026 18:33:52,Grupo 6,18,A,10,1,4,5,1,2,5,4,3,3,4,3
10A1-0505-18,5/05/2026 18:34:23,Grupo 6,18,A,10,1,5,5,1,3,3,3,4,3,4,4
10A1-0505-18,5/05/2026 18:34:59,Grupo 6,18,A,10,1,4,4,1,3,3,3,5,1,4,3
10A1-0505-18,5/05/2026 18:35:43,Grupo 6,18,A,10,1,4,4,2,2,5,4,4,2,4,4
6A5-0605-09,6/05/2026 9:58:42,Grupo 2,09,A,6,5,3,4,3,3,5,1,3,3,2,3
6A4-0605-09,6/05/2026 10:02:03,Grupo 2,09,A,6,4,4,5,3,3,4,1,2,3,2,3
6A5-0605-09,6/05/2026 10:02:36,Grupo 2,09,A,6,5,4,3,4,3,2,3,2,3,3,2
9A1-0605-09,6/05/2026 10:52:59,Grupo 1,09,A,9,1,4,4,3,2,4,4,3,2,3,4
9A5-0605-09,6/05/2026 10:58:27,Grupo 1,09,A,9,5,1,1,1,1,1,1,1,1,1,1
1B2-0605-13,6/05/2026 13:02:01,Grupo 5,13,B,1,2,4,3,5,2,3,3,3,1,3,3
1B2-0605-13,6/05/2026 13:03:10,Grupo 5,13,B,1,2,3,3,3,3,3,3,3,2,3,3
11A3-0605-13,6/05/2026 13:14:05,Grupo 6,13,A,11,3,5,3,3,2,3,2,3,1,2,3
1B2-0605-13,6/05/2026 13:14:23,Grupo 5,13,B,1,2,3,3,3,2,3,3,3,2,3,2
11A3-0605-13,6/05/2026 13:17:24,Grupo 6,13,A,11,3,5,3,2,2,4,1,2,2,3,3
11A3-0605-13,6/05/2026 13:19:13,Grupo 6,13,A,11,3,5,4,4,2,3,1,4,3,4,3
10A1-0605-13,6/05/2026 13:19:46,Grupo 6,13,A,10,1,4,4,3,2,5,3,4,1,4,3
10A1-0605-13,6/05/2026 13:20:47,Grupo 6,13,A,10,1,3,5,3,2,4,4,4,3,4,4
10A1-0605-13,6/05/2026 13:21:50,Grupo 6,13,A,10,1,3,4,4,3,5,3,3,1,4,4
10A1-0605-13,6/05/2026 13:23:02,Grupo 6,13,A,10,1,4,3,3,3,4,3,3,2,4,3
11A3-0605-13,6/05/2026 13:23:17,Grupo 6,13,A,11,3,5,4,4,2,4,1,3,3,3,4
10A1-0605-13,6/05/2026 13:23:49,Grupo 6,13,A,10,1,3,4,3,2,3,5,5,2,5,5
10A1-0605-13,6/05/2026 13:24:29,Grupo 6,13,A,10,1,5,4,3,2,5,4,4,3,5,5
11A3-0605-13,6/05/2026 13:29:24,Grupo 6,13,A,11,3,5,3,2,2,4,2,3,2,3,3
11A3-0605-13,6/05/2026 13:31:42,Grupo 6,13,A,11,3,5,3,4,2,4,2,3,1,3,3
3A3-0605-13,6/05/2026 14:58:39,Grupo 1,13,A,3,3,3,4,3,1,4,2,3,2,4,4
3A2-0605-13,6/05/2026 14:59:27,Grupo 1,13,A,3,2,2,2,3,1,3,2,2,1,2,2
3A3-0605-18,6/05/2026 15:01:39,Grupo 1,18,A,3,3,3,2,3,2,4,4,4,2,4,3
3A3-0605-13,6/05/2026 15:02:23,Grupo 1,13,A,3,3,3,3,3,3,3,3,4,2,3,3
3A3-0605-13,6/05/2026 15:03:36,Grupo 1,13,A,3,3,3,1,4,1,3,1,1,1,1,1
3A3-0605-13,6/05/2026 15:04:11,Grupo 1,13,A,3,3,4,3,4,2,3,3,4,2,3,3
3A3-0605-13,6/05/2026 15:22:52,Grupo 1,13,A,3,3,3,3,3,2,3,3,3,2,3,3
3A3-0605-13,6/05/2026 15:23:34,Grupo 1,13,A,3,3,4,2,4,2,1,4,2,3,2,4
3A3-0605-13,6/05/2026 15:24:11,Grupo 1,13,A,3,3,4,4,4,2,4,3,4,2,4,4
3A3-0605-13,6/05/2026 15:24:51,Grupo 1,13,A,3,3,4,3,4,2,3,4,3,3,3,4
3A3-0605-13,6/05/2026 15:26:10,Grupo 1,13,A,3,3,3,2,2,2,2,2,2,2,2,2
3A3-0605-13,6/05/2026 15:27:18,Grupo 1,13,A,3,3,5,5,5,3,5,5,5,3,5,5
3A3-0605-13,6/05/2026 15:28:02,Grupo 1,13,A,3,3,3,2,5,1,1,4,4,3,2,4
3A3-0605-13,6/05/2026 15:28:52,Grupo 1,13,A,3,3,4,2,3,3,4,2,4,2,3,4
3A3-0605-13,6/05/2026 15:29:31,Grupo 1,13,A,3,3,2,1,3,2,1,3,2,1,3,2
3A3-0605-13,6/05/2026 15:30:01,Grupo 1,13,A,3,3,4,3,2,1,2,3,4,3,5,4
3A3-0605-13,6/05/2026 15:30:35,Grupo 1,13,A,3,3,5,4,3,2,1,2,3,3,4,5
3A3-0605-13,6/05/2026 15:31:38,Grupo 1,13,A,3,3,2,4,2,3,3,2,4,2,4,2
3A3-0605-13,6/05/2026 15:32:51,Grupo 1,13,A,3,3,2,4,2,3,4,2,3,2,2,4
1B2-0605-18,6/05/2026 18:18:16,Grupo 5,18,B,1,2,4,3,3,2,3,3,3,2,3,4
1B2-0605-18,6/05/2026 18:19:14,Grupo 5,18,B,1,2,4,4,3,1,3,3,3,2,2,3
1B2-0605-18,6/05/2026 18:19:44,Grupo 5,18,B,1,2,4,3,4,2,3,4,3,2,3,2
1B2-0605-13,6/05/2026 18:20:51,Grupo 5,13,B,1,2,4,3,3,2,3,3,3,2,3,3
2A1-0705-09,7/05/2026 8:57:57,Grupo 3,09,A,2,1,5,4,3,2,4,3,4,3,3,3
1B3-0705-09,7/05/2026 9:01:42,Grupo 5,09,B,1,3,4,3,3,2,4,3,4,2,3,3
2A1-0705-09,7/05/2026 9:02:10,Grupo 3,09,A,2,1,3,4,2,2,2,4,4,2,3,4
1B2-0705-09,7/05/2026 9:02:16,Grupo 5,09,B,1,2,3,3,3,2,4,3,4,2,3,3
1B3-0705-09,7/05/2026 9:02:50,Grupo 5,09,B,1,3,3,3,3,2,3,3,3,2,3,3
2A1-0705-09,7/05/2026 9:03:11,Grupo 3,09,A,2,1,3,4,3,2,5,4,3,1,3,4
1B3-0705-09,7/05/2026 9:03:22,Grupo 5,09,B,1,3,3,3,3,2,3,3,3,2,3,3
1B3-0705-09,7/05/2026 9:04:15,Grupo 5,09,B,1,3,3,4,3,2,4,3,4,2,3,3
2A2-0705-09,7/05/2026 9:04:16,Grupo 3,09,A,2,2,4,5,3,2,4,4,4,2,4,5
2A1-0705-09,7/05/2026 9:05:07,Grupo 3,09,A,2,1,4,4,4,2,4,4,4,2,4,4
11A3-0705-09,7/05/2026 9:05:17,Grupo 6,09,A,11,3,5,5,2,2,5,3,4,3,3,4
11A3-0705-09,7/05/2026 9:05:56,Grupo 6,09,A,11,3,5,5,2,2,5,4,4,2,4,4
2A1-0705-09,7/05/2026 9:06:33,Grupo 3,09,A,2,1,4,4,4,2,2,3,4,1,3,4
11A1-0705-09,7/05/2026 9:06:37,Grupo 6,09,A,11,1,5,4,2,2,5,4,4,2,4,5
2A1-0705-09,7/05/2026 9:07:18,Grupo 3,09,A,2,1,4,3,2,3,3,2,2,3,4,4
2A1-0705-09,7/05/2026 9:10:08,Grupo 3,09,A,2,1,4,4,4,3,4,4,5,3,3,3
10A1-0705-09,7/05/2026 9:11:06,Grupo 6,09,A,10,1,4,5,4,2,4,5,3,2,4,4
10A1-0705-09,7/05/2026 9:11:44,Grupo 6,09,A,10,1,4,5,3,2,3,4,3,3,4,4
10A1-0705-09,7/05/2026 9:12:17,Grupo 6,09,A,10,1,4,5,4,2,4,5,4,2,3,3
10A2-0705-09,7/05/2026 9:12:52,Grupo 6,09,A,10,2,4,5,4,3,4,4,5,3,4,4
2A1-0705-09,7/05/2026 9:15:24,Grupo 3,09,A,2,1,4,1,1,2,3,1,2,3,3,2
2A1-0705-09,7/05/2026 9:16:22,Grupo 3,09,A,2,1,4,4,3,2,4,3,3,2,3,3
2A2-0705-09,7/05/2026 9:18:46,Grupo 3,09,A,2,2,5,5,2,2,5,4,4,2,3,4
2B2-0705-09,7/05/2026 9:19:19,Grupo 3,09,B,2,2,5,5,5,2,5,5,5,3,5,5
2A2-0705-09,7/05/2026 9:19:58,Grupo 3,09,A,2,2,4,3,2,1,5,1,1,1,1,1
1B3-0705-13,7/05/2026 9:20:33,Grupo 3,13,B,1,3,3,2,3,1,3,3,3,2,4,2
1A1-0705-09,7/05/2026 9:21:02,Grupo 3,09,A,1,1,4,2,3,3,2,3,5,1,3,3
1A1-0705-09,7/05/2026 9:21:12,Grupo 3,09,A,1,1,4,4,3,3,3,2,3,3,3,5
2A2-0705-09,7/05/2026 9:23:47,Grupo 3,09,A,2,2,4,4,3,2,4,4,3,2,3,3
2A2-0705-09,7/05/2026 9:26:19,Grupo 3,09,A,2,2,5,4,4,3,5,5,5,3,5,5
2A2-0705-18,7/05/2026 9:26:36,Grupo 3,18,A,2,2,4,4,3,2,4,4,4,2,4,4
2B1-0705-09,7/05/2026 9:27:21,Grupo 3,09,B,2,1,5,5,2,2,4,3,4,2,4,4
2A2-0705-09,7/05/2026 9:28:41,Grupo 3,09,A,2,2,4,4,3,2,5,3,4,3,3,4
2B1-0705-09,7/05/2026 9:28:47,Grupo 3,09,B,2,1,4,4,4,2,4,4,4,2,4,4
2A2-0705-09,7/05/2026 9:34:20,Grupo 3,09,A,2,2,5,5,2,2,5,2,3,3,2,3
2A2-0705-09,7/05/2026 9:34:48,Grupo 3,09,A,2,2,5,5,5,3,5,5,5,3,5,5
6A5-0705-09,7/05/2026 9:35:02,Grupo 3,09,A,6,5,4,5,3,2,3,3,3,2,3,3
6A5-0705-09,7/05/2026 9:35:23,Grupo 3,09,A,6,5,5,1,1,2,4,1,3,2,3,3
2A2-0705-09,7/05/2026 9:38:33,Grupo 3,09,A,2,2,4,4,2,2,5,4,4,3,4,4
6A6-0705-09,7/05/2026 9:40:03,Grupo 3,09,A,6,6,5,5,2,2,5,3,2,3,3,3
2A1-0705-09,7/05/2026 9:40:05,Grupo 3,09,A,2,1,3,4,4,3,2,2,4,2,3,4
2A2-0705-09,7/05/2026 9:40:22,Grupo 3,09,A,2,2,5,5,5,3,5,5,5,3,5,5
2A1-0705-09,7/05/2026 9:43:18,Grupo 3,09,A,2,1,5,5,3,2,4,3,4,3,3,4
2A2-0705-09,7/05/2026 9:43:53,Grupo 3,09,A,2,2,4,4,3,2,4,3,3,1,2,3
10A1-0705-09,7/05/2026 9:44:40,Grupo 3,09,A,10,1,3,5,3,3,4,4,4,1,4,4
10A2-0705-09,7/05/2026 9:46:59,Grupo 3,09,A,10,2,5,5,3,3,5,4,4,2,5,4
2A2-0705-09,7/05/2026 9:48:46,Grupo 3,09,A,2,2,4,4,2,2,4,3,2,2,3,3
2A2-0705-13,7/05/2026 12:44:49,Grupo 3,13,A,2,2,4,5,3,2,4,3,4,2,4,3
2B1-0705-13,7/05/2026 12:47:06,Grupo 3,13,B,2,1,3,2,4,3,2,1,3,2,2,3
2A2-0705-13,7/05/2026 12:47:34,Grupo 3,13,A,2,2,2,3,4,1,3,3,4,2,3,4
2A2-0705-13,7/05/2026 12:48:12,Grupo 3,13,A,2,2,4,5,4,2,4,4,4,1,4,4
2A1-0705-13,7/05/2026 12:49:38,Grupo 3,13,A,2,1,3,4,3,2,4,3,3,2,3,3
2A1-0705-13,7/05/2026 12:54:07,Grupo 3,13,A,2,1,3,4,2,2,5,4,4,3,4,4
2A1-0705-13,7/05/2026 12:56:15,Grupo 3,13,A,2,1,5,4,2,2,4,3,3,1,1,2
2A2-0705-13,7/05/2026 13:03:51,Grupo 3,13,A,2,2,5,4,4,2,5,5,5,3,5,5
2A2-0705-13,7/05/2026 13:04:32,Grupo 3,13,A,2,2,5,4,3,3,5,4,3,3,5,5
2A2-0705-13,7/05/2026 13:05:13,Grupo 3,13,A,2,2,3,3,2,2,1,2,1,1,5,1
1S3-0705-13,7/05/2026 13:05:41,Grupo 3,13,S,1,3,3,5,5,2,5,5,5,3,3,5
1S3-0705-13,7/05/2026 13:06:22,Grupo 3,13,S,1,3,3,5,4,3,4,5,4,3,5,5
1S3-0705-13,7/05/2026 13:13:41,Grupo 3,13,S,1,3,3,3,3,1,3,3,3,3,3,2
1S1-0705-13,7/05/2026 13:20:33,Grupo 3,13,S,1,1,5,4,4,2,3,3,4,3,4,3
1S1-0705-13,7/05/2026 13:20:55,Grupo 3,13,S,1,1,4,4,5,2,5,3,4,2,4,1
1B3-0705-13,7/05/2026 13:22:31,Grupo 5,13,B,1,3,1,4,5,2,4,2,4,1,1,2
1B3-0705-13,7/05/2026 13:23:14,Grupo 5,13,B,1,3,5,4,4,2,5,4,5,3,4,4
1B3-0705-13,7/05/2026 13:23:41,Grupo 5,13,B,1,3,5,5,5,2,4,2,3,2,4,4
1B3-0705-13,7/05/2026 13:23:51,Grupo 5,13,B,1,3,5,5,3,3,4,2,3,2,2,2
1B3-0705-13,7/05/2026 13:24:41,Grupo 5,13,B,1,3,5,5,3,2,4,3,3,3,3,3
1S1-0705-13,7/05/2026 13:27:14,Grupo 3,13,S,1,1,5,4,5,3,4,2,3,2,1,1
1S1-0705-13,7/05/2026 13:29:16,Grupo 3,13,S,1,1,5,5,5,3,5,5,5,3,5,5
1S1-0705-13,7/05/2026 13:30:23,Grupo 3,13,S,1,1,5,4,5,2,4,3,3,1,5,1
10A2-0705-13,7/05/2026 13:31:29,Grupo 6,13,A,10,2,4,5,4,3,5,4,5,3,5,4
10A2-0705-13,7/05/2026 13:32:03,Grupo 6,13,A,10,2,4,5,2,2,3,4,3,2,3,4
10A2-0705-13,7/05/2026 13:32:34,Grupo 6,13,A,10,2,5,4,5,3,3,3,4,1,5,5
10A2-0705-13,7/05/2026 13:33:00,Grupo 6,13,A,10,2,4,4,5,3,4,4,4,3,4,5
10A2-0705-13,7/05/2026 13:35:14,Grupo 6,13,A,10,2,3,4,3,3,4,2,5,3,5,5
10A2-0705-13,7/05/2026 13:36:30,Grupo 6,13,A,10,2,2,4,3,3,4,5,4,3,4,5
10A2-0705-13,7/05/2026 13:37:03,Grupo 6,13,A,10,2,3,5,1,2,3,5,4,1,4,5
10A2-0705-13,7/05/2026 13:38:15,Grupo 6,13,A,10,2,1,4,2,3,2,5,3,3,3,5
10A2-0705-13,7/05/2026 13:38:16,Grupo 6,13,A,10,2,4,5,3,3,3,4,5,3,4,3
10A2-0705-13,7/05/2026 13:38:54,Grupo 6,13,A,10,2,5,5,5,3,5,5,5,3,5,5
1S1-0705-13,7/05/2026 15:03:27,Grupo 3,13,S,1,1,4,4,4,3,3,1,3,3,4,2
1B3-0705-18,7/05/2026 18:04:11,Grupo 5,18,B,1,3,5,5,2,1,4,1,5,2,1,1
1B3-0705-18,7/05/2026 18:10:04,Grupo 5,18,B,1,3,4,5,3,1,3,1,4,2,2,2
1B3-0705-18,7/05/2026 18:10:18,Grupo 5,18,B,1,3,5,5,3,1,2,2,5,1,1,1
1B1-0705-18,7/05/2026 18:10:53,Grupo 5,18,B,1,1,5,4,2,2,4,3,3,3,3,4
1B1-0705-18,7/05/2026 18:11:37,Grupo 5,18,B,1,1,5,4,3,2,5,3,5,1,4,3
1B1-0705-18,7/05/2026 18:12:32,Grupo 5,18,B,1,1,3,4,4,2,4,3,2,3,3,4
1B1-0705-18,7/05/2026 18:12:45,Grupo 5,18,B,1,1,5,5,5,3,4,5,5,3,5,5
3B2-0705-13,7/05/2026 18:13:25,Grupo 4,13,B,3,2,5,4,4,3,4,4,4,3,4,4
1B1-0705-18,7/05/2026 18:15:21,Grupo 5,18,B,1,1,4,4,4,3,3,4,3,3,4,3
1B1-0705-18,7/05/2026 18:15:54,Grupo 5,18,B,1,1,5,3,5,2,5,3,3,2,4,4
1A2-0705-18,7/05/2026 18:15:57,Grupo 5,18,A,1,2,4,3,3,2,5,3,5,2,3,1
1B3-0705-18,7/05/2026 18:16:03,Grupo 5,18,B,1,3,3,2,2,1,3,3,3,1,1,3
1B1-0705-18,7/05/2026 18:16:11,Grupo 5,18,B,1,1,5,5,3,2,5,3,5,3,3,5
2B1-0705-18,7/05/2026 18:16:16,Grupo 5,18,B,2,1,4,4,4,2,3,4,4,2,4,1
1B1-0705-18,7/05/2026 18:16:33,Grupo 5,18,B,1,1,4,3,3,1,5,3,3,2,4,4
1B1-0705-18,7/05/2026 18:17:54,Grupo 5,18,B,1,1,4,3,3,1,5,3,3,2,4,4
1B1-0705-18,7/05/2026 18:43:04,Grupo 5,18,B,1,1,5,4,2,3,4,2,2,2,3,2
1B1-0705-09,7/05/2026 22:44:57,Grupo 5,09,B,1,1,4,4,3,1,4,3,3,2,3,2
1B1-0705-09,7/05/2026 22:45:50,Grupo 5,09,B,1,1,3,5,2,1,4,2,3,2,3,2
1B1-0705-09,7/05/2026 22:47:14,Grupo 5,09,B,1,1,3,4,3,1,4,2,1,1,2,1
1B2-0705-13,7/05/2026 22:48:42,Grupo 5,13,B,1,2,5,5,2,2,4,2,3,2,3,3
1B2-0705-09,7/05/2026 22:50:55,Grupo 5,09,B,1,2,5,4,2,2,5,3,4,1,2,2
1B2-0705-09,7/05/2026 22:51:39,Grupo 5,09,B,1,2,5,4,2,2,4,2,4,1,3,2
1B2-0705-09,7/05/2026 22:52:57,Grupo 5,09,B,1,2,4,5,2,2,4,2,4,1,3,3
2A2-0805-13,8/05/2026 0:37:32,Grupo 3,13,A,2,2,3,4,3,1,3,2,3,2,3,3
1S1-0805-13,8/05/2026 13:02:12,Grupo 8,13,S,1,1,5,3,2,2,4,5,5,2,5,3
1S1-0805-13,8/05/2026 13:04:37,Grupo 8,13,S,1,1,5,5,4,3,4,3,3,3,4,4
1S1-0805-13,8/05/2026 13:05:11,Grupo 8,13,S,1,1,5,4,4,3,5,5,5,3,4,4
1S1-0805-13,8/05/2026 13:05:50,Grupo 8,13,S,1,1,4,3,3,3,4,3,5,3,5,5
1S1-0805-13,8/05/2026 13:06:16,Grupo 8,13,S,1,1,5,5,5,3,4,4,5,3,3,3
1S1-0805-13,8/05/2026 13:06:47,Grupo 8,13,S,1,1,4,4,4,3,5,4,5,3,4,5
1S1-0805-13,8/05/2026 13:07:19,Grupo 8,13,S,1,1,5,4,4,3,5,4,4,3,5,4
1S1-0805-13,8/05/2026 13:07:50,Grupo 8,13,S,1,1,5,5,5,3,4,4,5,3,5,5
1S1-0805-13,8/05/2026 13:08:24,Grupo 8,13,S,1,1,5,5,5,3,5,5,5,3,4,4
1S1-0805-13,8/05/2026 13:08:53,Grupo 8,13,S,1,1,5,4,4,3,4,4,3,2,5,4
1S3-0805-13,8/05/2026 13:09:45,Grupo 8,13,S,1,3,5,4,4,2,5,5,4,2,4,4
1S3-0805-13,8/05/2026 13:10:34,Grupo 8,13,S,1,3,5,4,3,2,4,4,3,2,4,4
1S3-0805-13,8/05/2026 13:11:06,Grupo 8,13,S,1,3,4,4,5,2,5,5,4,1,5,4
1S3-0805-13,8/05/2026 13:11:31,Grupo 8,13,S,1,3,5,4,4,2,4,4,3,2,4,4
1S3-0805-13,8/05/2026 13:12:04,Grupo 8,13,S,1,3,5,4,4,2,5,5,5,1,5,5
1S3-0805-13,8/05/2026 13:12:34,Grupo 8,13,S,1,3,5,4,4,2,4,4,3,1,4,4
1S3-0805-13,8/05/2026 13:13:01,Grupo 8,13,S,1,3,5,5,4,2,4,4,4,3,5,5
1S3-0805-13,8/05/2026 13:13:33,Grupo 8,13,S,1,3,5,4,4,2,4,4,3,2,3,5
1S3-0805-13,8/05/2026 13:14:14,Grupo 8,13,S,1,3,4,5,3,2,4,4,3,1,4,2
1S3-0805-13,8/05/2026 13:14:44,Grupo 8,13,S,1,3,5,4,4,2,5,4,3,2,4,2
3B1-0905-09,9/05/2026 9:13:53,Grupo 8,09,B,3,1,4,5,4,3,5,3,3,2,5,4
3B1-0905-09,9/05/2026 9:14:26,Grupo 8,09,B,3,1,4,5,4,3,4,3,3,2,5,3
3B1-0905-09,9/05/2026 9:15:05,Grupo 8,09,B,3,1,4,4,5,2,4,4,3,3,4,3
3B1-0905-09,9/05/2026 9:15:37,Grupo 8,09,B,3,1,5,4,4,2,4,4,3,2,4,5
3B1-0905-09,9/05/2026 9:16:11,Grupo 8,09,B,3,1,4,5,4,2,4,4,5,1,4,4
3B1-0905-09,9/05/2026 9:16:41,Grupo 8,09,B,3,1,5,4,4,2,4,4,3,1,4,3
3B1-0905-09,9/05/2026 9:17:13,Grupo 8,09,B,3,1,4,5,4,2,4,3,4,1,4,3
3B2-0905-09,9/05/2026 9:18:12,Grupo 8,09,B,3,2,5,5,5,2,4,3,3,2,4,3
3B2-0905-09,9/05/2026 9:18:48,Grupo 8,09,B,3,2,5,4,5,2,5,3,5,1,4,3
3B2-0905-09,9/05/2026 9:19:28,Grupo 8,09,B,3,2,5,4,5,3,5,3,5,3,4,2
3B2-0905-09,9/05/2026 9:20:01,Grupo 8,09,B,3,2,5,4,5,3,4,4,4,2,3,3
3B2-0905-09,9/05/2026 9:20:37,Grupo 8,09,B,3,2,5,4,4,2,5,3,3,1,4,3
3B2-0905-09,9/05/2026 9:21:18,Grupo 8,09,B,3,2,4,5,4,3,5,5,3,2,4,4
3B2-0905-09,9/05/2026 9:22:01,Grupo 8,09,B,3,2,5,4,5,3,5,4,5,2,4,3
3B2-0905-09,9/05/2026 9:22:29,Grupo 8,09,B,3,2,4,4,5,3,4,4,3,2,5,3
4A5-0905-09,9/05/2026 10:41:55,Grupo 2,09,A,4,5,2,4,5,2,5,3,4,3,5,5
2A1-0905-13,9/05/2026 15:04:33,Grupo 3,13,A,2,1,4,3,4,2,4,3,3,1,3,3
1S1-0905-18,9/05/2026 18:21:08,Grupo 8,18,S,1,1,5,4,3,2,2,5,2,2,4,4
1S1-0905-18,9/05/2026 18:21:39,Grupo 8,18,S,1,1,4,3,3,2,3,4,3,3,3,4
1S1-0905-18,9/05/2026 18:22:13,Grupo 8,18,S,1,1,4,3,3,2,3,3,3,2,3,3
1S1-0905-18,9/05/2026 18:22:49,Grupo 8,18,S,1,1,4,3,3,2,3,3,3,2,3,3
2B1-1105-09,11/05/2026 18:03:20,Grupo 6,09,B,2,1,5,4,5,2,4,4,3,2,3,4
3B2-1205-09,12/05/2026 13:01:33,Grupo 2,09,B,3,2,4,5,3,3,5,4,3,2,2,3
3B2-1205-13,12/05/2026 13:01:46,Grupo 2,13,B,3,2,3,5,5,1,5,4,3,2,3,3
3B1-1205-09,12/05/2026 13:03:05,Grupo 5,09,B,3,1,5,5,3,3,5,5,5,3,5,5
5B1-1205-13,12/05/2026 13:05:01,Grupo 2,13,B,5,1,4,3,3,2,3,3,3,2,3,3
4A3-1205-13,12/05/2026 13:19:07,Grupo 2,13,A,4,3,3,4,3,2,5,4,5,2,4,3
7A3-1205-13,12/05/2026 13:56:31,Grupo 9,13,A,7,3,5,4,3,1,3,2,2,1,2,2
7A3-1205-13,12/05/2026 14:06:14,Grupo 9,13,A,7,3,4,5,2,2,5,4,4,2,3,4
7A1-1205-13,12/05/2026 14:06:49,Grupo 9,13,A,7,1,3,3,3,2,3,4,4,1,2,3
7A3-1205-13,12/05/2026 14:22:43,Grupo 9,13,A,7,3,4,4,3,2,4,3,3,2,4,2
